Handle,Title,Vendor,Product Category,Image Src,Status
juhayna-product,Juhayna Product,Juhayna,Dairy,https://www.juhayna.com/app/uploads/2026/01/Frame-214.png,active
juhayna-product,Juhayna Product,Juhayna,Dairy,https://www.juhayna.com/app/uploads/2025/10/Mask-group-8.webp,active
juhayna-product,Juhayna Product,Juhayna,Dairy,https://www.juhayna.com/app/uploads/2025/12/FOB-English-MV-scaled.jpeg,active
juhayna-product,Juhayna Product,Juhayna,Dairy,https://www.juhayna.com/app/uploads/2025/11/EN-front-500g-20-1_11zon.webp,active
juhayna-product,Juhayna Product,Juhayna,Dairy,https://www.juhayna.com/app/uploads/2025/12/Screenshot-2025-12-01-at-4.37.06-PM-1-1-scaled.png,active
juhayna-product,Juhayna Product,Juhayna,Dairy,https://www.juhayna.com/app/uploads/2025/11/06.-20x10-1.jpeg,active
juhayna-product,Juhayna Product,Juhayna,Dairy,https://www.juhayna.com/app/uploads/2025/12/juhayna-stirred12515-copy.jpg,active
juhayna-product,Juhayna Product,Juhayna,Dairy,https://www.juhayna.com/app/uploads/2025/11/EN-front-500g-6-3_11zon.webp,active
juhayna-product,Juhayna Product,Juhayna,Dairy,https://www.juhayna.com/app/uploads/2025/11/1738682728_563_296198_archive.png,active
juhayna-product,Juhayna Product,Juhayna,Dairy,https://www.juhayna.com/app/uploads/2025/11/1676893348_664_6317057_b_hussein24214-scaled-1.jpg,active
juhayna-product,Juhayna Product,Juhayna,Dairy,https://www.juhayna.com/app/uploads/2025/11/1676893541_435_5648608_b_hussein24274-scaled-1.jpg,active
juhayna-product,Juhayna Product,Juhayna,Dairy,https://www.juhayna.com/app/uploads/2025/09/Vector-9.png,active
juhayna-product,Juhayna Product,Juhayna,Dairy,https://www.juhayna.com/app/uploads/2025/11/1719149568_662_276584_1581340658_334_992597_yough_master_2.png,active
juhayna-product,Juhayna Product,Juhayna,Dairy,https://www.juhayna.com/app/uploads/2025/09/Vec1tor.png,active
juhayna-product,Juhayna Product,Juhayna,Dairy,https://www.juhayna.com/app/uploads/2025/12/Acai-min-scaled.webp,active
juhayna-product,Juhayna Product,Juhayna,Dairy,https://www.juhayna.com/app/uploads/2025/09/Vector-10.png,active
juhayna-product,Juhayna Product,Juhayna,Dairy,https://www.juhayna.com/app/uploads/2025/11/1725178690_197_385107_greek-1.png,active
juhayna-product,Juhayna Product,Juhayna,Dairy,https://www.juhayna.com/app/uploads/2025/11/1676889813_670_15473013_5-scaled-1.jpg,active
juhayna-product,Juhayna Product,Juhayna,Dairy,https://www.juhayna.com/app/uploads/2025/11/74b2f86344ed6a0bd647f566708f57eb56f813a0-1-scaled.jpg,active
juhayna-product,Juhayna Product,Juhayna,Dairy,https://www.juhayna.com/app/uploads/2025/12/Chocolate-less-sugar-mockup-En-min-scaled.webp,active
juhayna-product,Juhayna Product,Juhayna,Dairy,https://www.juhayna.com/app/uploads/2025/11/fcc4debaacbcdb68d97dd3e973f4af99601cc013-1-scaled.jpg,active
juhayna-product,Juhayna Product,Juhayna,Dairy,https://www.juhayna.com/app/uploads/2025/11/1676894100_343_4299948_b_hussein24624-1-scaled.jpg,active
juhayna-product,Juhayna Product,Juhayna,Dairy,https://www.juhayna.com/app/uploads/2025/10/1676893196_189_11408201_b_hussein23924-scaled-1.jpg,active
juhayna-product,Juhayna Product,Juhayna,Dairy,https://www.juhayna.com/app/uploads/2025/11/1676888977_674_18163236_11-scaled-1.jpg,active
juhayna-product,Juhayna Product,Juhayna,Dairy,https://www.juhayna.com/app/uploads/2025/12/apple-3D-En-min-scaled.png,active
juhayna-product,Juhayna Product,Juhayna,Dairy,https://www.juhayna.com/app/uploads/2025/11/1720437786_960_259350_archive22.png,active
juhayna-product,Juhayna Product,Juhayna,Dairy,https://www.juhayna.com/app/uploads/2025/09/Bekharo_11.png,active
juhayna-product,Juhayna Product,Juhayna,Dairy,https://www.juhayna.com/app/uploads/2025/11/1583765675_844_431779_bekheiro.png,active
juhayna-product,Juhayna Product,Juhayna,Dairy > Yogurt,https://www.juhayna.com/app/uploads/2025/10/1719150408_903_31708_plain_en_2.png,active
juhayna-product,Juhayna Product,Juhayna,Dairy > Yogurt,https://www.juhayna.com/app/uploads/2025/10/1719150325_671_30644_light_en_2.png,active
juhayna-product,Juhayna Product,Juhayna,Dairy > Yogurt,https://www.juhayna.com/app/uploads/2025/10/1719411621_658_23789_4_1.png,active
juhayna-product,Juhayna Product,Juhayna,Dairy > Yogurt,https://www.juhayna.com/app/uploads/2025/10/1719411595_633_22876_4_2.png,active
cheese,Cheese,Domty,Dairy > Cheese,https://www.domty.org/uploads/products/397544_Domty-TP-Fetafront.png,active
product-34,,El Abd,Grocery > Bakery,https://onlinestorageaccountpro.blob.core.windows.net/abdproimages-blob/0001722_-_415.webp,active
product-35,,El Abd,Grocery > Bakery,https://onlinestorageaccountpro.blob.core.windows.net/abdproimages-blob/0000357_-_415.png,active
product-36,,El Abd,Grocery > Bakery,https://onlinestorageaccountpro.blob.core.windows.net/abdproimages-blob/0000360_-_415.png,active
product-37,,El Abd,Grocery > Bakery,https://onlinestorageaccountpro.blob.core.windows.net/abdproimages-blob/0001410_-_415.png,active
product-38,,El Abd,Grocery > Bakery,https://onlinestorageaccountpro.blob.core.windows.net/abdproimages-blob/0000737_-_415.png,active
product-39,,El Abd,Grocery > Bakery,https://onlinestorageaccountpro.blob.core.windows.net/abdproimages-blob/0000363_-_415.png,active
product-40,,El Abd,Grocery > Bakery,https://onlinestorageaccountpro.blob.core.windows.net/abdproimages-blob/0001402_-_415.webp,active
product-41,,El Abd,Grocery > Bakery,https://onlinestorageaccountpro.blob.core.windows.net/abdproimages-blob/0000739_-_415.png,active
product-42,,El Abd,Grocery > Bakery,https://onlinestorageaccountpro.blob.core.windows.net/abdproimages-blob/0001721_-_415.webp,active
product-43,,El Abd,Grocery > Bakery,https://onlinestorageaccountpro.blob.core.windows.net/abdproimages-blob/0001720_-_415.webp,active
product-44,,El Abd,Grocery > Bakery,https://onlinestorageaccountpro.blob.core.windows.net/abdproimages-blob/0001941_-_415.webp,active
product-45,,El Abd,Grocery > Bakery,https://onlinestorageaccountpro.blob.core.windows.net/abdproimages-blob/0000351_-_415.png,active
product-46,,El Abd,Grocery > Bakery,https://onlinestorageaccountpro.blob.core.windows.net/abdproimages-blob/0000565_-_415.png,active
product-47,,El Abd,Grocery > Bakery,https://onlinestorageaccountpro.blob.core.windows.net/abdproimages-blob/0000675_-_415.png,active
product-48,,El Abd,Grocery > Bakery,https://onlinestorageaccountpro.blob.core.windows.net/abdproimages-blob/0000683_-_415.png,active
product-49,,El Abd,Grocery > Bakery,https://onlinestorageaccountpro.blob.core.windows.net/abdproimages-blob/0001944_-_415.webp,active
product-50,,El Abd,Grocery > Bakery,https://onlinestorageaccountpro.blob.core.windows.net/abdproimages-blob/0001943_-_415.webp,active
product-51,,El Abd,Grocery > Bakery,https://onlinestorageaccountpro.blob.core.windows.net/abdproimages-blob/0001942_-_415.webp,active
product-52,,El Abd,Grocery > Bakery,https://onlinestorageaccountpro.blob.core.windows.net/abdproimages-blob/0001598_-_415.webp,active
product-53,,El Abd,Grocery > Bakery,https://onlinestorageaccountpro.blob.core.windows.net/abdproimages-blob/0001602_-_415.webp,active
product-54,,El Abd,Grocery > Bakery,https://onlinestorageaccountpro.blob.core.windows.net/abdproimages-blob/0001610_-_415.webp,active
product-55,,El Abd,Grocery > Bakery,https://onlinestorageaccountpro.blob.core.windows.net/abdproimages-blob/0001596_-_415.webp,active
product-56,,El Abd,Grocery > Bakery,https://onlinestorageaccountpro.blob.core.windows.net/abdproimages-blob/0001597_-_415.webp,active
product-57,,El Abd,Grocery > Bakery,https://onlinestorageaccountpro.blob.core.windows.net/abdproimages-blob/0001600_-_415.webp,active
product-58,,El Abd,Grocery > Bakery,https://onlinestorageaccountpro.blob.core.windows.net/abdproimages-blob/0001601_-_415.webp,active
product-59,,El Abd,Grocery > Bakery,https://onlinestorageaccountpro.blob.core.windows.net/abdproimages-blob/0001603_-_415.webp,active
product-60,,El Abd,Grocery > Bakery,https://onlinestorageaccountpro.blob.core.windows.net/abdproimages-blob/0001605_-_415.webp,active
product-61,,El Abd,Grocery > Bakery,https://onlinestorageaccountpro.blob.core.windows.net/abdproimages-blob/0001607_-_415.webp,active
product-62,,El Abd,Grocery > Bakery,https://onlinestorageaccountpro.blob.core.windows.net/abdproimages-blob/0001612_-_415.webp,active
product-63,,El Abd,Grocery > Bakery,https://onlinestorageaccountpro.blob.core.windows.net/abdproimages-blob/0001666_-_415.webp,active
americana-product,Americana Product,Americana,Uncategorized,https://www.americanafoods.com/wp-content/uploads/2024/08/small-chocolate-updated-3.png,active
americana-product,Americana Product,Americana,Uncategorized,https://www.americanafoods.com/wp-content/uploads/woocommerce-placeholder.png,active
americana-product,Americana Product,Americana,Uncategorized,https://www.americanafoods.com/wp-content/uploads/2024/06/New-Project-7-1-1.png,active
americana-product,Americana Product,Americana,Uncategorized,https://www.americanafoods.com/wp-content/uploads/2024/06/New-Project-7-2.png,active
americana-product,Americana Product,Americana,Uncategorized,https://www.americanafoods.com/wp-content/uploads/2024/06/New-Project-9.png,active
americana-product,Americana Product,Americana,Uncategorized,https://www.americanafoods.com/wp-content/uploads/2024/06/New-Project-1-2.png,active
americana-product,Americana Product,Americana,Uncategorized,https://www.americanafoods.com/wp-content/uploads/2024/06/New-Project-4-1-1.png,active
americana-product,Americana Product,Americana,Uncategorized,https://www.americanafoods.com/wp-content/uploads/2024/06/New-Project-5-1-1.png,active
americana-product,Americana Product,Americana,Uncategorized,https://www.americanafoods.com/wp-content/uploads/2024/06/New-Project-2-1-1.png,active
americana-product,Americana Product,Americana,Uncategorized,https://www.americanafoods.com/wp-content/uploads/2024/06/New-Project-3-1-1.png,active
americana-product,Americana Product,Americana,Uncategorized,https://www.americanafoods.com/wp-content/uploads/2024/06/New-Project-12-1-1.png,active
americana-product,Americana Product,Americana,Uncategorized,https://www.americanafoods.com/wp-content/uploads/2024/06/New-Project-14-1-2.png,active
americana-product,Americana Product,Americana,Uncategorized,https://www.americanafoods.com/wp-content/uploads/2024/06/New-Project-17.png,active
americana-product,Americana Product,Americana,Uncategorized,https://www.americanafoods.com/wp-content/uploads/2024/06/New-Project-22-1-2.png,active
americana-product,Americana Product,Americana,Uncategorized,https://www.americanafoods.com/wp-content/uploads/2024/06/New-Project-23-1-1.png,active
americana-product,Americana Product,Americana,Uncategorized,https://www.americanafoods.com/wp-content/uploads/2024/06/New-Project-29-1-2.png,active
americana-product,Americana Product,Americana,Uncategorized,https://www.americanafoods.com/wp-content/uploads/2024/06/New-Project-36-1-2.png,active
americana-product,Americana Product,Americana,Uncategorized,https://www.americanafoods.com/wp-content/uploads/2024/06/New-Project-40-1-2.png,active
americana-product,Americana Product,Americana,Uncategorized,https://www.americanafoods.com/wp-content/uploads/2024/06/New-Project-41-1-2.png,active
americana-product,Americana Product,Americana,Uncategorized,https://www.americanafoods.com/wp-content/uploads/2024/06/New-Project-44-1-2.png,active
americana-product,Americana Product,Americana,Uncategorized,https://www.americanafoods.com/wp-content/uploads/2024/06/New-Project-46-1-1.png,active
americana-product,Americana Product,Americana,Uncategorized,https://www.americanafoods.com/wp-content/uploads/2024/06/New-Project-47-1-1.png,active
americana-product,Americana Product,Americana,Uncategorized,https://www.americanafoods.com/wp-content/uploads/2024/08/Potato-Cubes.png,active
americana-product,Americana Product,Americana,Uncategorized,https://www.americanafoods.com/wp-content/uploads/2024/08/Spoonful-Fries.png,active
americana-product,Americana Product,Americana,Uncategorized,https://www.americanafoods.com/wp-content/uploads/2024/06/New-Project-2024-06-06T143121.535-1.png,active
americana-product,Americana Product,Americana,Uncategorized,https://www.americanafoods.com/wp-content/uploads/2024/06/New-Project-2024-06-06T131252.138-1.png,active
americana-product,Americana Product,Americana,Uncategorized,https://www.americanafoods.com/wp-content/uploads/2024/06/New-Project-2024-06-06T161837.047-1.png,active
americana-product,Americana Product,Americana,Uncategorized,https://www.americanafoods.com/wp-content/uploads/2024/06/New-Project-2024-06-06T164757.819-1.png,active
americana-product,Americana Product,Americana,Uncategorized,https://www.americanafoods.com/wp-content/uploads/2024/06/New-Project-2024-06-06T164911.607-1.png,active
americana-product,Americana Product,Americana,Uncategorized,https://www.americanafoods.com/wp-content/uploads/2024/06/New-Project-2024-06-05T153132.074-1-1.png,active
americana-product,Americana Product,Americana,Uncategorized,https://www.americanafoods.com/wp-content/uploads/2024/06/New-Project-2024-06-06T175140.871-1.png,active
americana-product,Americana Product,Americana,Uncategorized,https://www.americanafoods.com/wp-content/uploads/2024/08/Single-Swiss-Roll-Strawberry.png,active
americana-product,Americana Product,Americana,Uncategorized,https://www.americanafoods.com/wp-content/uploads/2024/08/6-Pcs-Orange.png,active
americana-product,Americana Product,Americana,Uncategorized,https://www.americanafoods.com/wp-content/uploads/2024/08/6-Pcs-Chocolate.png,active
americana-product,Americana Product,Americana,Uncategorized,https://www.americanafoods.com/wp-content/uploads/2024/08/6-Pcs-Strawberry.png,active
americana-product,Americana Product,Americana,Uncategorized,https://www.americanafoods.com/wp-content/uploads/2024/08/small-Strawberry-updated.png,active
americana-product,Americana Product,Americana,Uncategorized,https://www.americanafoods.com/wp-content/uploads/2024/08/small-Vanilla-updated.png,active
americana-product,Americana Product,Americana,Uncategorized,https://www.americanafoods.com/wp-content/uploads/2024/08/Super-Roll-Orange.png,active
americana-product,Americana Product,Americana,Uncategorized,https://www.americanafoods.com/wp-content/uploads/2024/08/Super-Roll-Strawberry.png,active
americana-product,Americana Product,Americana,Uncategorized,https://www.americanafoods.com/wp-content/uploads/2024/08/Super-Roll-Vanilla.png,active
americana-product,Americana Product,Americana,Uncategorized,https://www.americanafoods.com/wp-content/uploads/2024/08/Large-Strawberry.png,active
americana-product,Americana Product,Americana,Uncategorized,https://www.americanafoods.com/wp-content/uploads/2024/08/Large-vanilla-updated.png,active
americana-product,Americana Product,Americana,Uncategorized,https://www.americanafoods.com/wp-content/uploads/2024/08/Single-Swiss-Roll-Chocolate-2.png,active
americana-product,Americana Product,Americana,Uncategorized,https://www.americanafoods.com/wp-content/uploads/2024/08/Brownie-Classic-Chocolate-Wrapper.png,active
americana-product,Americana Product,Americana,Uncategorized,https://www.americanafoods.com/wp-content/uploads/2024/08/Hazelnut-Coated-Swiss-Roll-12-pcs.png,active
americana-product,Americana Product,Americana,Uncategorized,https://www.americanafoods.com/wp-content/uploads/2024/08/Fresh-Pound-Cake-Almond-Cardamom.png,active
americana-product,Americana Product,Americana,Uncategorized,https://www.americanafoods.com/wp-content/uploads/2024/08/IPG22-574-Americana-┘i-Super-Roll_Wrapper-Chocolate.png,active
americana-product,Americana Product,Americana,Uncategorized,https://www.americanafoods.com/wp-content/uploads/2024/08/Brownie-Classic-Chocolate-4-pcs-1.png,active
americana-product,Americana Product,Americana,Uncategorized,https://www.americanafoods.com/wp-content/uploads/2024/08/Chocolate-Coated-Swiss-Roll-Packet.png,active
americana-product,Americana Product,Americana,Uncategorized,https://www.americanafoods.com/wp-content/uploads/2024/08/Soft-Cookies-Chocolate-Brookie-Packet.png,active
americana-product,Americana Product,Americana,Uncategorized,https://www.americanafoods.com/wp-content/uploads/2024/08/Soft-Cookies-Hazelnut-Chocolate-Packet.png,active
americana-product,Americana Product,Americana,Uncategorized,https://www.americanafoods.com/wp-content/uploads/2024/08/Choco-Cookies-Double-Chocolate-6-packets.png,active
americana-product,Americana Product,Americana,Uncategorized,https://www.americanafoods.com/wp-content/uploads/2024/08/Choco-Cookies-Original-Tin.png,active
americana-product,Americana Product,Americana,Uncategorized,https://www.americanafoods.com/wp-content/uploads/2024/08/Butter-cookies-Box-6-packets.png,active
americana-product,Americana Product,Americana,Frozen > Meat,https://www.americanafoods.com/wp-content/uploads/2024/06/2.png,active
americana-product,Americana Product,Americana,Uncategorized,https://www.americanafoods.com/wp-content/uploads/2024/08/IPG22-574-Americana-┘i-Super-Roll_Wrapper-Strawberry.png,active
americana-product,Americana Product,Americana,Uncategorized,https://www.americanafoods.com/wp-content/uploads/2024/08/IPG22-574-Americana-┘i-Super-Roll_Wrapper-Vanilla.png,active
americana-product,Americana Product,Americana,Uncategorized,https://www.americanafoods.com/wp-content/uploads/2024/06/Pizza_Spicy-e1724656075519.png,active
americana-product,Americana Product,Americana,Uncategorized,https://www.americanafoods.com/wp-content/uploads/2024/06/Greek-Salad.png,active
americana-product,Americana Product,Americana,Uncategorized,https://www.americanafoods.com/wp-content/uploads/2024/06/Taboula.png,active
americana-product,Americana Product,Americana,Uncategorized,https://www.americanafoods.com/wp-content/uploads/2024/08/Butter-Cookies-Paper-Pack-1.png,active
americana-product,Americana Product,Americana,Uncategorized,https://www.americanafoods.com/wp-content/uploads/2024/08/Choco-Cookies-Original-Mini.png,active
americana-product,Americana Product,Americana,Uncategorized,https://www.americanafoods.com/wp-content/uploads/2024/08/Choco-Cookies-Double-Chocolate-Mini-1.png,active
americana-product,Americana Product,Americana,Uncategorized,https://www.americanafoods.com/wp-content/uploads/2024/08/Choco-Cookies-Double-Chocolate-Packet-1.png,active
americana-product,Americana Product,Americana,Uncategorized,https://www.americanafoods.com/wp-content/uploads/2024/08/Choco-Cookies-Original.png,active
americana-product,Americana Product,Americana,Uncategorized,https://www.americanafoods.com/wp-content/uploads/2024/08/Choco-Cookies-Double-Chocolate-Chips-12-pcs-1.png,active
americana-product,Americana Product,Americana,Uncategorized,https://www.americanafoods.com/wp-content/uploads/2024/08/Choco-Cookies-Double-Chocolate-Chips-1.png,active
americana-product,Americana Product,Americana,Uncategorized,https://www.americanafoods.com/wp-content/uploads/2024/08/MicrosoftTeams-image-26.png,active
americana-product,Americana Product,Americana,Uncategorized,https://www.americanafoods.com/wp-content/uploads/2024/08/Crunchy-Cookies-Oat-Chocolate-Chips.png,active
americana-product,Americana Product,Americana,Uncategorized,https://www.americanafoods.com/wp-content/uploads/2024/08/Crunchy-Cookies-Oat-Cardamom-1.png,active
americana-product,Americana Product,Americana,Dairy > Cheese,https://www.americanafoods.com/wp-content/uploads/2024/06/New-Project-2024-06-06T165614.581-1.png,active
americana-product,Americana Product,Americana,Uncategorized,https://www.americanafoods.com/wp-content/uploads/2024/06/New-Project-2024-06-06T175546.592-1.png,active
americana-product,Americana Product,Americana,Uncategorized,https://www.americanafoods.com/wp-content/uploads/2024/06/New-Project-2024-06-06T175353.551-1.png,active
americana-product,Americana Product,Americana,Dairy > Cheese,https://www.americanafoods.com/wp-content/uploads/2024/06/New-Project-2024-06-06T165516.538-1.png,active
americana-product,Americana Product,Americana,Uncategorized,https://www.americanafoods.com/wp-content/uploads/2024/06/New-Project-2024-06-06T180144.747-1.png,active
americana-product,Americana Product,Americana,Frozen > Meat,https://www.americanafoods.com/wp-content/uploads/2024/06/New-Project-2024-06-06T180519.176-1.png,active
americana-product,Americana Product,Americana,Uncategorized,https://www.americanafoods.com/wp-content/uploads/2024/06/New-Project-2024-06-06T184138.754-1.png,active
americana-product,Americana Product,Americana,Uncategorized,https://www.americanafoods.com/wp-content/uploads/2024/06/New-Project-2024-06-05T154216.904-1.png,active
americana-product,Americana Product,Americana,Uncategorized,https://www.americanafoods.com/wp-content/uploads/2024/06/New-Project-2024-06-05T154056.481-1.png,active
americana-product,Americana Product,Americana,Dairy > Cheese,https://www.americanafoods.com/wp-content/uploads/2024/06/New-Project-2024-06-06T183755.230-1.png,active
americana-product,Americana Product,Americana,Uncategorized,https://www.americanafoods.com/wp-content/uploads/2024/06/New-Project-2024-06-06T161038.108-1.png,active
americana-product,Americana Product,Americana,Uncategorized,https://www.americanafoods.com/wp-content/uploads/2024/06/New-Project-2024-06-05T154401.272-1.png,active
americana-product,Americana Product,Americana,Uncategorized,https://www.americanafoods.com/wp-content/uploads/2024/06/New-Project-2024-06-06T183220.609-1.png,active
americana-product,Americana Product,Americana,Uncategorized,https://www.americanafoods.com/wp-content/uploads/2024/06/New-Project-2024-06-06T182802.967-1.png,active
americana-product,Americana Product,Americana,Frozen > Meat,https://www.americanafoods.com/wp-content/uploads/2024/06/New-Project-2024-06-06T182454.725-1.png,active
americana-product,Americana Product,Americana,Uncategorized,https://www.americanafoods.com/wp-content/uploads/2024/06/New-Project-2024-06-06T182246.477-1.png,active
americana-product,Americana Product,Americana,Uncategorized,https://www.americanafoods.com/wp-content/uploads/2024/06/New-Project-2024-06-06T160038.763-1.png,active
americana-product,Americana Product,Americana,Dairy > Cheese,https://www.americanafoods.com/wp-content/uploads/2024/06/New-Project-2024-06-06T155757.873-1.png,active
americana-product,Americana Product,Americana,Frozen > Meat,https://www.americanafoods.com/wp-content/uploads/2024/06/a8434627-ba18-4e31-a2bd-8ecc6f804e52.png,active
americana-product,Americana Product,Americana,Uncategorized,https://www.americanafoods.com/wp-content/uploads/2024/08/361104-Americana-Oreintal-Spices-Kofta-500g-Pack-Design-F-3D.png,active
americana-product,Americana Product,Americana,Frozen > Meat,https://www.americanafoods.com/wp-content/uploads/2024/06/New-Project-62-1.png,active
americana-product,Americana Product,Americana,Frozen > Meat,https://www.americanafoods.com/wp-content/uploads/2024/06/6281050113597-Front.png,active
americana-product,Americana Product,Americana,Frozen > Meat,https://www.americanafoods.com/wp-content/uploads/2024/06/New-Project-69-1.png,active
americana-product,Americana Product,Americana,Uncategorized,https://www.americanafoods.com/wp-content/uploads/2024/08/Mutton-Shish-Kebab-Arabic-Spices-420g-3D.png,active
americana-product,Americana Product,Americana,Uncategorized,https://www.americanafoods.com/wp-content/uploads/2024/06/New-Project-71-1.png,active
americana-product,Americana Product,Americana,Frozen > Meat,https://www.americanafoods.com/wp-content/uploads/2024/06/Beef-Shawerma-Original-2.png,active
americana-product,Americana Product,Americana,Frozen > Meat,https://www.americanafoods.com/wp-content/uploads/2024/06/New-Project-66-1.png,active
americana-product,Americana Product,Americana,Frozen > Meat,https://www.americanafoods.com/wp-content/uploads/2024/06/New-Project-68-1.png,active
americana-product,Americana Product,Americana,Frozen > Meat,https://www.americanafoods.com/wp-content/uploads/2024/06/New-Project-67-1.png,active
americana-product,Americana Product,Americana,Frozen > Meat,https://www.americanafoods.com/wp-content/uploads/2024/06/6281050114303-Front.png,active
americana-product,Americana Product,Americana,Frozen > Meat,https://www.americanafoods.com/wp-content/uploads/2024/07/6281050114549-Front.png,active
americana-product,Americana Product,Americana,Frozen > Meat,https://www.americanafoods.com/wp-content/uploads/2024/08/38.png,active
americana-product,Americana Product,Americana,Frozen > Meat,https://www.americanafoods.com/wp-content/uploads/2024/08/28.png,active
americana-product,Americana Product,Americana,Frozen > Meat,https://www.americanafoods.com/wp-content/uploads/2024/08/29.png,active
americana-product,Americana Product,Americana,Uncategorized,https://www.americanafoods.com/wp-content/uploads/2024/08/40.png,active
americana-product,Americana Product,Americana,Uncategorized,https://www.americanafoods.com/wp-content/uploads/2024/08/41.png,active
americana-product,Americana Product,Americana,Dairy > Cheese,https://www.americanafoods.com/wp-content/uploads/2024/06/New-Project-26-1.png,active
americana-product,Americana Product,Americana,Uncategorized,https://www.americanafoods.com/wp-content/uploads/2024/08/Butter-Cookies-Packet-1.png,active
americana-product,Americana Product,Americana,Uncategorized,https://www.americanafoods.com/wp-content/uploads/2024/06/Ceaser.png,active
americana-product,Americana Product,Americana,Frozen > Vegetables,https://www.americanafoods.com/wp-content/uploads/2024/06/New-Project-2024-06-06T160410.706-1.png,active
americana-product,Americana Product,Americana,Frozen > Meat,https://www.americanafoods.com/wp-content/uploads/2024/09/Crunchy-Chicken-Pane-with-Fries.png,active
americana-product,Americana Product,Americana,Frozen > Meat,https://www.americanafoods.com/wp-content/uploads/2024/09/Crunchy-Jumbo-Chicken-Thighs-with-Fries.png,active
americana-product,Americana Product,Americana,Uncategorized,https://www.americanafoods.com/wp-content/uploads/2024/06/35.png,active
americana-product,Americana Product,Americana,Frozen > Meat,https://www.americanafoods.com/wp-content/uploads/2024/06/New-Project-47-1.png,active
americana-product,Americana Product,Americana,Uncategorized,https://www.americanafoods.com/wp-content/uploads/2024/06/New-Project-59-1.png,active
americana-product,Americana Product,Americana,Uncategorized,https://www.americanafoods.com/wp-content/uploads/2024/06/New-Project-55-1.png,active
americana-product,Americana Product,Americana,Frozen > Meat,https://www.americanafoods.com/wp-content/uploads/2024/06/New-Project-51-1.png,active
americana-product,Americana Product,Americana,Frozen > Meat,https://www.americanafoods.com/wp-content/uploads/2024/06/New-Project-52-1.png,active
americana-product,Americana Product,Americana,Uncategorized,https://www.americanafoods.com/wp-content/uploads/2024/06/New-Project-13-1.png,active
americana-product,Americana Product,Americana,Uncategorized,https://www.americanafoods.com/wp-content/uploads/2024/06/New-Project-74-1.png,active
americana-product,Americana Product,Americana,Frozen > Meat,https://www.americanafoods.com/wp-content/uploads/2024/06/4-2.png,active
americana-product,Americana Product,Americana,Uncategorized,https://www.americanafoods.com/wp-content/uploads/2024/06/Ahlawy-Capitano-Plain-1.png,active
americana-product,Americana Product,Americana,Uncategorized,https://www.americanafoods.com/wp-content/uploads/2024/06/New-Project-2024-06-06T175757.365-1.png,active
americana-product,Americana Product,Americana,Uncategorized,https://www.americanafoods.com/wp-content/uploads/2024/06/1191-CG-450g-Peeled-Fava-Beans-Secret-Recipe-C.png,active
americana-product,Americana Product,Americana,Uncategorized,https://www.americanafoods.com/wp-content/uploads/2024/06/1191-CG-450g-Peeled-Saudi.png,active
americana-product,Americana Product,Americana,Uncategorized,https://www.americanafoods.com/wp-content/uploads/2024/06/1191-CG-450g-Peeled-Lebanese.png,active
americana-product,Americana Product,Americana,Uncategorized,https://www.americanafoods.com/wp-content/uploads/2024/06/1191-CG-450g-Peeled-Fava-Beans-Chili-A.png,active
americana-product,Americana Product,Americana,Uncategorized,https://www.americanafoods.com/wp-content/uploads/2024/06/1191-CG-450g-Peeled-Fava-Salsa-and-Onion.png,active
americana-product,Americana Product,Americana,Uncategorized,https://www.americanafoods.com/wp-content/uploads/2024/06/1191-CG-450g-Peeled-Egyptian-A.png,active
americana-product,Americana Product,Americana,Uncategorized,https://www.americanafoods.com/wp-content/uploads/2024/06/1191-CG-450g-Saudi.png,active
americana-product,Americana Product,Americana,Uncategorized,https://www.americanafoods.com/wp-content/uploads/2024/06/1191-CG-450g-Egyptian.png,active
americana-product,Americana Product,Americana,Uncategorized,https://www.americanafoods.com/wp-content/uploads/2024/06/1191-CG-400g-Red-Kidney-Beans.png,active
americana-product,Americana Product,Americana,Uncategorized,https://www.americanafoods.com/wp-content/uploads/2024/06/1191-CG-420g-Baked-Beans.png,active
americana-product,Americana Product,Americana,Uncategorized,https://www.americanafoods.com/wp-content/uploads/2024/06/CG-Baked-Beans-Tabasco-400g-en.png,active
americana-product,Americana Product,Americana,Uncategorized,https://www.americanafoods.com/wp-content/uploads/2024/06/1191-CG-420g-Hommos-Tahina.png,active
americana-product,Americana Product,Americana,Uncategorized,https://www.americanafoods.com/wp-content/uploads/2024/06/Mazraa-Baked-Beans-400g-en.png,active
americana-product,Americana Product,Americana,Uncategorized,https://www.americanafoods.com/wp-content/uploads/2024/06/Mazraa-Red-Kidney-en.png,active
americana-product,Americana Product,Americana,Uncategorized,https://www.americanafoods.com/wp-content/uploads/2024/06/Mazraa-White-Beans-en.png,active
americana-product,Americana Product,Americana,Frozen > Vegetables,https://www.americanafoods.com/wp-content/uploads/2024/06/1191-CG-420g-Green-Peas.png,active
americana-product,Americana Product,Americana,Uncategorized,https://www.americanafoods.com/wp-content/uploads/2024/06/Stuffed-Vine-Leaves-2kg-Special-offer-1.png,active
americana-product,Americana Product,Americana,Frozen > Vegetables,https://www.americanafoods.com/wp-content/uploads/2024/06/Mazraa-Processed-Peas-en.png,active
americana-product,Americana Product,Americana,Uncategorized,https://www.americanafoods.com/wp-content/uploads/2024/06/1191-CG-450g-Bajela-1.png,active
americana-product,Americana Product,Americana,Uncategorized,https://www.americanafoods.com/wp-content/uploads/2024/06/CG-Diced-Beets-EN-1.png,active
americana-product,Americana Product,Americana,Uncategorized,https://www.americanafoods.com/wp-content/uploads/2024/06/Corn.png,active
americana-product,Americana Product,Americana,Uncategorized,https://www.americanafoods.com/wp-content/uploads/2024/06/Quinoa_Salad.png,active
americana-product,Americana Product,Americana,Uncategorized,https://www.americanafoods.com/wp-content/uploads/2024/06/Large_Croissant_Plain.png,active
americana-product,Americana Product,Americana,Uncategorized,https://www.americanafoods.com/wp-content/uploads/2024/06/Large_Croissant_Chocolate.png,active
americana-product,Americana Product,Americana,Uncategorized,https://www.americanafoods.com/wp-content/uploads/2024/06/Large_Croissant_Honey.png,active
americana-product,Americana Product,Americana,Uncategorized,https://www.americanafoods.com/wp-content/uploads/2024/06/Pizza_Normal-e1724656252140.png,active
americana-product,Americana Product,Americana,Frozen > Meat,https://www.americanafoods.com/wp-content/uploads/2024/06/Twisterzz-Mini-Chicken-Strips-to-make-slightly-smaller.png,active
americana-product,Americana Product,Americana,Frozen > Meat,https://www.americanafoods.com/wp-content/uploads/2024/06/Air-Fryer-Chicken-Nuggets-to-make-slightly-bigger.png,active
americana-product,Americana Product,Americana,Frozen > Meat,https://www.americanafoods.com/wp-content/uploads/2024/06/New-Project-75-1.png,active
americana-product,Americana Product,Americana,Frozen > Meat,https://www.americanafoods.com/wp-content/uploads/2024/06/Twisterzz-Chicken-Nuggets-to-make-slightly-smaller.png,active
americana-product,Americana Product,Americana,Dairy > Cheese,https://www.americanafoods.com/wp-content/uploads/2024/06/New-Project-2024-06-06T155456.259-1.png,active
americana-product,Americana Product,Americana,Uncategorized,https://www.americanafoods.com/wp-content/uploads/2024/06/New-Project-2024-06-06T155909.118-1.png,active
americana-product,Americana Product,Americana,Uncategorized,https://www.americanafoods.com/wp-content/uploads/2024/06/New-Project-2024-06-06T160737.067-1.png,active
americana-product,Americana Product,Americana,Uncategorized,https://www.americanafoods.com/wp-content/uploads/2024/06/New-Project-2024-06-06T160606.100-1.png,active
americana-product,Americana Product,Americana,Uncategorized,https://www.americanafoods.com/wp-content/uploads/2024/06/New-Project-2024-06-05T154607.049-1.png,active
americana-product,Americana Product,Americana,Frozen > Meat,https://www.americanafoods.com/wp-content/uploads/2024/06/New-Project-2024-06-06T160917.723-1.png,active
americana-product,Americana Product,Americana,Frozen > Meat,https://www.americanafoods.com/wp-content/uploads/2024/06/New-Project-2024-06-06T154109.616-1.png,active
americana-product,Americana Product,Americana,Dairy > Cheese,https://www.americanafoods.com/wp-content/uploads/2024/06/New-Project-2024-06-06T152925.698-1.png,active
americana-product,Americana Product,Americana,Uncategorized,https://www.americanafoods.com/wp-content/uploads/2024/06/New-Project-2024-06-06T154742.688-1.png,active
americana-product,Americana Product,Americana,Uncategorized,https://www.americanafoods.com/wp-content/uploads/2024/06/Ahlawy-Biscuit.png,active
americana-product,Americana Product,Americana,Uncategorized,https://www.americanafoods.com/wp-content/uploads/2024/06/New-Project-2024-06-06T162412.507-1.png,active
americana-product,Americana Product,Americana,Uncategorized,https://www.americanafoods.com/wp-content/uploads/2024/06/New-Project-2024-06-06T162228.027-1.png,active
americana-product,Americana Product,Americana,Uncategorized,https://www.americanafoods.com/wp-content/uploads/2024/06/New-Project-2024-06-06T162607.874-1.png,active
americana-product,Americana Product,Americana,Uncategorized,https://www.americanafoods.com/wp-content/uploads/2024/06/New-Project-2024-06-06T162022.884-1.png,active
americana-product,Americana Product,Americana,Uncategorized,https://www.americanafoods.com/wp-content/uploads/2024/06/New-Project-2024-06-06T161648.910-1.png,active
americana-product,Americana Product,Americana,Uncategorized,https://www.americanafoods.com/wp-content/uploads/2024/06/Wafer-Ahlawy-Vanilla-1.png,active
americana-product,Americana Product,Americana,Uncategorized,https://www.americanafoods.com/wp-content/uploads/2024/06/New-Project-2024-06-06T175933.981-1.png,active
americana-product,Americana Product,Americana,Dairy > Cheese,https://www.americanafoods.com/wp-content/uploads/2024/06/New-Project-2024-06-06T165740.704-1.png,active
americana-product,Americana Product,Americana,Uncategorized,https://www.americanafoods.com/wp-content/uploads/2024/06/New-Project-2024-06-06T183511.101-1.png,active
americana-product,Americana Product,Americana,Frozen > Vegetables,https://www.americanafoods.com/wp-content/uploads/2024/06/New-Project-2024-06-05T131735.755-1.png,active
americana-product,Americana Product,Americana,Frozen > Vegetables,https://www.americanafoods.com/wp-content/uploads/2024/06/New-Project-2024-06-05T124833.959-1.png,active
americana-product,Americana Product,Americana,Frozen > Vegetables,https://www.americanafoods.com/wp-content/uploads/2024/06/New-Project-2024-06-05T125135.968-1.png,active
americana-product,Americana Product,Americana,Uncategorized,https://www.americanafoods.com/wp-content/uploads/2024/06/New-Project-2024-06-05T155918.039-1.png,active
americana-product,Americana Product,Americana,Uncategorized,https://www.americanafoods.com/wp-content/uploads/2024/06/New-Project-2024-06-05T141710.896-1.png,active
americana-product,Americana Product,Americana,Uncategorized,https://www.americanafoods.com/wp-content/uploads/2024/06/Vine-Leaves.png,active
americana-product,Americana Product,Americana,Frozen > Vegetables,https://www.americanafoods.com/wp-content/uploads/2024/06/New-Project-2024-06-05T134438.630-1.png,active
americana-product,Americana Product,Americana,Uncategorized,https://www.americanafoods.com/wp-content/uploads/2024/06/New-Project-2024-06-05T160127.029-1.png,active
americana-product,Americana Product,Americana,Uncategorized,https://www.americanafoods.com/wp-content/uploads/2024/06/New-Project-2024-06-05T153834.075-1.png,active
americana-product,Americana Product,Americana,Uncategorized,https://www.americanafoods.com/wp-content/uploads/2024/06/Strawberries-400gm-make-bigger-2.png,active
americana-product,Americana Product,Americana,Uncategorized,https://www.americanafoods.com/wp-content/uploads/2024/06/New-Project-2024-06-06T130542.052-1.png,active
americana-product,Americana Product,Americana,Uncategorized,https://www.americanafoods.com/wp-content/uploads/2024/08/Butter-Cookies-Big-Tin-Red-1.png,active
americana-product,Americana Product,Americana,Uncategorized,https://www.americanafoods.com/wp-content/uploads/2024/08/Choco-Cookies-Original-12-pcs-2.png,active
americana-product,Americana Product,Americana,Uncategorized,https://www.americanafoods.com/wp-content/uploads/2024/08/Choco-Cookies-Original-6-packets.png,active
americana-product,Americana Product,Americana,Uncategorized,https://www.americanafoods.com/wp-content/uploads/2024/08/Choco-Cookies-Doube-Chocolate-Tin.png,active
americana-product,Americana Product,Americana,Uncategorized,https://www.americanafoods.com/wp-content/uploads/2024/08/MicrosoftTeams-image-28.png,active
americana-product,Americana Product,Americana,Uncategorized,https://www.americanafoods.com/wp-content/uploads/2024/06/Halloumi-Cheese_3D-B.png,active
americana-product,Americana Product,Americana,Uncategorized,https://www.americanafoods.com/wp-content/uploads/2024/06/Turkey-with-Creamy-Cheese.png,active
americana-product,Americana Product,Americana,Uncategorized,https://www.americanafoods.com/wp-content/uploads/2024/08/Cup-Cake-24Pcs-Chocolate.png,active
americana-product,Americana Product,Americana,Uncategorized,https://www.americanafoods.com/wp-content/uploads/2024/08/Pound-Cake-Double-Chocolate-Chips-e1724407491719.png,active
americana-product,Americana Product,Americana,Uncategorized,https://www.americanafoods.com/wp-content/uploads/2024/08/Signel-roll-wrapper.png,active
americana-product,Americana Product,Americana,Uncategorized,https://www.americanafoods.com/wp-content/uploads/2024/08/Signel-roll-wrapper-Strawberry.png,active
americana-product,Americana Product,Americana,Uncategorized,https://www.americanafoods.com/wp-content/uploads/2024/08/Single-rolls-Strawberry.png,active
americana-product,Americana Product,Americana,Uncategorized,https://www.americanafoods.com/wp-content/uploads/2024/08/Single-rolls-Chocolate-1.png,active
americana-product,Americana Product,Americana,Uncategorized,https://www.americanafoods.com/wp-content/uploads/2024/08/IPG22-574-Americana-┘i-Super-Roll_Wrapper-Orange-1.png,active
americana-product,Americana Product,Americana,Uncategorized,https://www.americanafoods.com/wp-content/uploads/2024/08/Super-Roll-Chocolate-1.png,active
americana-product,Americana Product,Americana,Dairy > Cheese,https://www.americanafoods.com/wp-content/uploads/2024/06/Bunzz-Oregano.png,active
americana-product,Americana Product,Americana,Dairy > Cheese,https://www.americanafoods.com/wp-content/uploads/2024/06/Bunzz-olive.png,active
americana-product,Americana Product,Americana,Dairy > Cheese,https://www.americanafoods.com/wp-content/uploads/2024/06/Large_Croissant_Feta-1.png,active
americana-product,Americana Product,Americana,Uncategorized,https://www.americanafoods.com/wp-content/uploads/2024/06/3D_Outer_LargeCroissant_Plain.png,active
americana-product,Americana Product,Americana,Uncategorized,https://www.americanafoods.com/wp-content/uploads/2024/06/3D_Outer_LargeCroissant_Strawberry.png,active
americana-product,Americana Product,Americana,Uncategorized,https://www.americanafoods.com/wp-content/uploads/2024/06/3D_Outer_LargeCroissant_Oregano.png,active
americana-product,Americana Product,Americana,Dairy > Cheese,https://www.americanafoods.com/wp-content/uploads/2024/06/3D_Outer_LargeCroissant_Feta.png,active
americana-product,Americana Product,Americana,Uncategorized,https://www.americanafoods.com/wp-content/uploads/2024/06/3D_Outer_LargeCroissant_Honey.png,active
americana-product,Americana Product,Americana,Uncategorized,https://www.americanafoods.com/wp-content/uploads/2024/06/Large_Pie_Pizza-make-smaller.png,active
americana-product,Americana Product,Americana,Uncategorized,https://www.americanafoods.com/wp-content/uploads/2024/06/Large_Pie_PizzaJalapeno-make-smaller.png,active
americana-product,Americana Product,Americana,Frozen > Meat,https://www.americanafoods.com/wp-content/uploads/2024/06/Meat-Ball-MCP-1-e1734069279465.png,active
americana-product,Americana Product,Americana,Frozen > Meat,https://www.americanafoods.com/wp-content/uploads/2024/06/Butter-Chickenlpng-1-e1734069432815.png,active
americana-product,Americana Product,Americana,Frozen > Meat,https://www.americanafoods.com/wp-content/uploads/2024/06/Chicken_Mayonnaise_w_Hot.png,active
americana-product,Americana Product,Americana,Frozen > Meat,https://www.americanafoods.com/wp-content/uploads/2024/06/Chicken_Tikka_W-3d.png,active
americana-product,Americana Product,Americana,Uncategorized,https://www.americanafoods.com/wp-content/uploads/2024/06/FetaTomato_3DB.png,active
americana-product,Americana Product,Americana,Frozen > Vegetables,https://www.americanafoods.com/wp-content/uploads/2024/06/Sofresh-Grilled-Veggie.png,active
americana-product,Americana Product,Americana,Frozen > Meat,https://www.americanafoods.com/wp-content/uploads/2024/06/Chicken_Mayonnaise_3DB.png,active
americana-product,Americana Product,Americana,Frozen > Meat,https://www.americanafoods.com/wp-content/uploads/2024/06/Chicken_Tikka_B-3d.png,active
americana-product,Americana Product,Americana,Dairy > Cheese,https://www.americanafoods.com/wp-content/uploads/2024/06/MoradellaChees3D-W.png,active
americana-product,Americana Product,Americana,Dairy > Cheese,https://www.americanafoods.com/wp-content/uploads/2024/06/MoradellaChees3D-B.png,active
americana-product,Americana Product,Americana,Uncategorized,https://www.americanafoods.com/wp-content/uploads/2024/06/Tuna.png,active
americana-product,Americana Product,Americana,Uncategorized,https://www.americanafoods.com/wp-content/uploads/2024/06/Smokedturkey_W-3D.png,active
americana-product,Americana Product,Americana,Uncategorized,https://www.americanafoods.com/wp-content/uploads/2024/06/Large_Pie_FetaOregano-make-smaller.png,active
americana-product,Americana Product,Americana,Frozen > Meat,https://www.americanafoods.com/wp-content/uploads/2024/06/Heroz-Tempura-Chicken-Nuggets-to-make-slightly-smaller.png,active
americana-product,Americana Product,Americana,Frozen > Meat,https://www.americanafoods.com/wp-content/uploads/2024/06/Crunchy-Nuggets-with-Fries-to-make-slightly-bigger.png,active
americana-product,Americana Product,Americana,Frozen > Meat,https://www.americanafoods.com/wp-content/uploads/2024/06/Koki-Happy-Chicken-Nuggets-to-make-slightly-bigger.png,active
americana-product,Americana Product,Americana,Frozen > Meat,https://www.americanafoods.com/wp-content/uploads/2024/09/Chicken-Cheese-Nuggets.png,active
americana-product,Americana Product,Americana,Frozen > Meat,https://www.americanafoods.com/wp-content/uploads/2024/06/Broasted-Chicken-Wings-Original-Front.png,active
americana-product,Americana Product,Americana,Frozen > Meat,https://www.americanafoods.com/wp-content/uploads/2024/06/Broasted-Chicken-Wings-Hot-Crunchy-Front.png,active
americana-product,Americana Product,Americana,Dairy > Cheese,https://www.americanafoods.com/wp-content/uploads/2024/06/New-Project-41-1.png,active
americana-product,Americana Product,Americana,Frozen > Meat,https://www.americanafoods.com/wp-content/uploads/2024/06/00000-Americana-Xtreme-Lemon-Zest-Chunky-Chicken-600g-Bag-Design-F-3D.png,active
americana-product,Americana Product,Americana,Frozen > Meat,https://www.americanafoods.com/wp-content/uploads/2024/06/New-Project-39-1.png,active
americana-product,Americana Product,Americana,Dairy > Cheese,https://www.americanafoods.com/wp-content/uploads/2024/06/New-Project-32-1.png,active
americana-product,Americana Product,Americana,Frozen > Meat,https://www.americanafoods.com/wp-content/uploads/2024/06/Twisterzz-Chicken-Popcorn-to-make-slightly-smaller-2.png,active
americana-product,Americana Product,Americana,Frozen > Meat,https://www.americanafoods.com/wp-content/uploads/2024/06/New-Project-33-1.png,active
americana-product,Americana Product,Americana,Frozen > Meat,https://www.americanafoods.com/wp-content/uploads/2024/06/6281050114846-Front.png,active
americana-product,Americana Product,Americana,Frozen > Meat,https://www.americanafoods.com/wp-content/uploads/2024/06/Zingz-Chicken-Fillet-to-make-slightly-smaller-1.png,active
americana-product,Americana Product,Americana,Dairy > Cheese,https://www.americanafoods.com/wp-content/uploads/2024/06/Xtreme-Chicken-Fillet-hot-to-make-slightly-smaller-1.png,active
americana-product,Americana Product,Americana,Frozen > Meat,https://www.americanafoods.com/wp-content/uploads/2024/09/Chicken-Escalope-Pane-Hot-Crunchy-Front.png,active
americana-product,Americana Product,Americana,Uncategorized,https://www.americanafoods.com/wp-content/uploads/2024/06/Broasted-Chicken-Drum-Sticks-Original-Front.png,active
americana-product,Americana Product,Americana,Frozen > Meat,https://www.americanafoods.com/wp-content/uploads/2024/09/Crunchy-Chicken-Meal-with-Fries.png,active
americana-product,Americana Product,Americana,Uncategorized,https://www.americanafoods.com/wp-content/uploads/2024/06/Crunchy-Chicken-Drumsticks.png,active
americana-product,Americana Product,Americana,Uncategorized,https://www.americanafoods.com/wp-content/uploads/2024/06/New-Project-57-1.png,active
americana-product,Americana Product,Americana,Frozen > Meat,https://www.americanafoods.com/wp-content/uploads/2024/09/Jumbo-Burger.png,active
americana-product,Americana Product,Americana,Frozen > Meat,https://www.americanafoods.com/wp-content/uploads/2024/06/New-Project-78-1.png,active
americana-product,Americana Product,Americana,Frozen > Meat,https://www.americanafoods.com/wp-content/uploads/2024/06/New-Project-60-1.png,active
americana-product,Americana Product,Americana,Frozen > Meat,https://www.americanafoods.com/wp-content/uploads/2024/06/New-Project-44-1.png,active
americana-product,Americana Product,Americana,Uncategorized,https://www.americanafoods.com/wp-content/uploads/2024/09/39.png,active
americana-product,Americana Product,Americana,Uncategorized,https://www.americanafoods.com/wp-content/uploads/2024/08/33.png,active
americana-product,Americana Product,Americana,Uncategorized,https://www.americanafoods.com/wp-content/uploads/2024/06/Breaded-shrimps-to-make-slightly-smaller-1.png,active
americana-product,Americana Product,Americana,Uncategorized,https://www.americanafoods.com/wp-content/uploads/2024/06/Zingz-breaded-shrimps-to-make-slightly-smaller.png,active
americana-product,Americana Product,Americana,Uncategorized,https://www.americanafoods.com/wp-content/uploads/2024/06/Cooking-shrimps-to-make-slightly-smaller-1.png,active
americana-product,Americana Product,Americana,Uncategorized,https://www.americanafoods.com/wp-content/uploads/2024/06/New-Project-58-1-1.png,active
americana-product,Americana Product,Americana,Uncategorized,https://www.americanafoods.com/wp-content/uploads/2024/06/Tail-off-shrimps-large-make-slightly-smaller-1.png,active
americana-product,Americana Product,Americana,Uncategorized,https://www.americanafoods.com/wp-content/uploads/2024/06/Tail-on-shrimps-medium-to-make-slightly-smaller-1.png,active
americana-product,Americana Product,Americana,Uncategorized,https://www.americanafoods.com/wp-content/uploads/2024/06/Tail-on-shrimps-large-to-make-slightly-smaller.png,active
americana-product,Americana Product,Americana,Uncategorized,https://www.americanafoods.com/wp-content/uploads/2024/06/Tail-on-shrimps-jumbo-to-make-slightly-smaller-1.png,active
americana-product,Americana Product,Americana,Frozen > Meat,https://www.americanafoods.com/wp-content/uploads/2024/06/Chicken-Sheesh-Kabab-Arabic-Spice-front.png,active
americana-product,Americana Product,Americana,Frozen > Meat,https://www.americanafoods.com/wp-content/uploads/2024/06/Beef-Sheesh-Kabab-to-make-smaller-3.png,active
americana-product,Americana Product,Americana,Frozen > Meat,https://www.americanafoods.com/wp-content/uploads/2024/06/Americana-Bakery-Beef-Hawawshi-New-Pack-Design-Sam-F-CS4-New-Logo-3D-e1730975816788.png,active
americana-product,Americana Product,Americana,Frozen > Meat,https://www.americanafoods.com/wp-content/uploads/2024/06/6281050113467-Front-1.png,active
americana-product,Americana Product,Americana,Frozen > Meat,https://www.americanafoods.com/wp-content/uploads/2024/06/New-Project-20-1.png,active
americana-product,Americana Product,Americana,Frozen > Meat,https://www.americanafoods.com/wp-content/uploads/2024/06/Beef-Mortadella-with-Black-Pepper-Front.png,active
americana-product,Americana Product,Americana,Uncategorized,https://www.americanafoods.com/wp-content/uploads/2024/06/New-Project-11-1.png,active
americana-product,Americana Product,Americana,Uncategorized,https://www.americanafoods.com/wp-content/uploads/2024/06/1191-CG-450g-Peeled-Fava-Hommos-Olive-Oil.png,active
americana-product,Americana Product,Americana,Uncategorized,https://www.americanafoods.com/wp-content/uploads/2024/06/1191-CG-450g-Lebanese.png,active
americana-product,Americana Product,Americana,Uncategorized,https://www.americanafoods.com/wp-content/uploads/2024/06/1191-CG-450-Mashed-Egyptian.png,active
americana-product,Americana Product,Americana,Uncategorized,https://www.americanafoods.com/wp-content/uploads/2024/06/1191-CG-450-Mashed-Salsa.png,active
americana-product,Americana Product,Americana,Uncategorized,https://www.americanafoods.com/wp-content/uploads/2024/06/AMC-Broad-Beans-en-3.png,active
americana-product,Americana Product,Americana,Uncategorized,https://www.americanafoods.com/wp-content/uploads/2024/06/AMC-Peeled-Fava-Beans-Chili-EN-make-slightly-smaller.png,active
americana-product,Americana Product,Americana,Uncategorized,https://www.americanafoods.com/wp-content/uploads/2024/06/AMC-Fava-Beans-Chili-EN-make-slightly-smaller.png,active
americana-product,Americana Product,Americana,Uncategorized,https://www.americanafoods.com/wp-content/uploads/2024/06/AMC-Fava-Beans-Iskandarany-Tahina-EN-make-slightly-smaller.png,active
americana-product,Americana Product,Americana,Uncategorized,https://www.americanafoods.com/wp-content/uploads/2024/06/1191-CG-450g-Sweet-Corn.png,active
americana-product,Americana Product,Americana,Uncategorized,https://www.americanafoods.com/wp-content/uploads/2024/06/AMC-Sweet-Corn-EN-make-smaller.png,active
americana-product,Americana Product,Americana,Uncategorized,https://www.americanafoods.com/wp-content/uploads/2024/06/AMC-Red-Kidney-Beans-EN-make-smaller.png,active
americana-product,Americana Product,Americana,Frozen > Vegetables,https://www.americanafoods.com/wp-content/uploads/2024/06/AMC-Chickpeas-EN-make-slightly-smaller.png,active
americana-product,Americana Product,Americana,Frozen > Vegetables,https://www.americanafoods.com/wp-content/uploads/2024/06/Mazraa-Chickpeas-en-make-smaller.png,active
americana-product,Americana Product,Americana,Uncategorized,https://www.americanafoods.com/wp-content/uploads/2024/06/CG-Mushroom-Pieces-make-smaller.png,active
americana-product,Americana Product,Americana,Uncategorized,https://www.americanafoods.com/wp-content/uploads/2024/06/CG-Mushroom-Whole-make-smaller.png,active
americana-product,Americana Product,Americana,Uncategorized,https://www.americanafoods.com/wp-content/uploads/2024/06/REFERENCE-SIZE-FOR-CAN-425g.png,active
americana-product,Americana Product,Americana,Frozen > Vegetables,https://www.americanafoods.com/wp-content/uploads/2024/06/AMC-Processed-Peas-EN-make-smaller-1.png,active
americana-product,Americana Product,Americana,Uncategorized,https://www.americanafoods.com/wp-content/uploads/2024/06/AMC-Mushroom-Pieces-and-Stem-425g-EN-make-slightly-smaller.png,active
americana-product,Americana Product,Americana,Uncategorized,https://www.americanafoods.com/wp-content/uploads/2024/06/789-AMC-Tomate-Paste-2.2kg-3D-A-make-a-bit-smaller-1.png,active
americana-product,Americana Product,Americana,Uncategorized,https://www.americanafoods.com/wp-content/uploads/2024/06/AMC-Peeled-Tomatoes-2.5kg-3D-A-make-a-bit-smaller.png,active
americana-product,Americana Product,Americana,Uncategorized,https://www.americanafoods.com/wp-content/uploads/2024/06/CG-Peach-Halves-make-smaller.png,active
americana-product,Americana Product,Americana,Uncategorized,https://www.americanafoods.com/wp-content/uploads/2024/06/CG-Fruit-Cocktail-in-Syrup-make-smaller.png,active
americana-product,Americana Product,Americana,Uncategorized,https://www.americanafoods.com/wp-content/uploads/2024/06/CG-Sardine-Hot-Tomato-Sauce-make-smaller.png,active
americana-product,Americana Product,Americana,Uncategorized,https://www.americanafoods.com/wp-content/uploads/2024/06/CG-Sardine-Tomato-Sauce-make-smaller.png,active
americana-product,Americana Product,Americana,Uncategorized,https://www.americanafoods.com/wp-content/uploads/2024/06/CG-Sardine-Brine-make-smaller.png,active
americana-product,Americana Product,Americana,Uncategorized,https://www.americanafoods.com/wp-content/uploads/2024/06/CG-Smoked-Tuna-Slices-Sunflower-Oil-make-smaller-1.png,active
americana-product,Americana Product,Americana,Uncategorized,https://www.americanafoods.com/wp-content/uploads/2024/06/CG-Tuna-Slices-Sunflower-Oil-Make-smaller.png,active
americana-product,Americana Product,Americana,Uncategorized,https://www.americanafoods.com/wp-content/uploads/2024/06/CG-Tuna-Slices-Black-Pepper-and-Lemon-make-smaller.png,active
americana-product,Americana Product,Americana,Uncategorized,https://www.americanafoods.com/wp-content/uploads/2024/06/Zingz-Broasted-Chicken-Drum-Sticks-to-make-slightly-smaller-1.png,active
americana-product,Americana Product,Americana,Uncategorized,https://www.americanafoods.com/wp-content/uploads/2024/06/New-Project-12-1.png,active
americana-product,Americana Product,Americana,Frozen > Meat,https://www.americanafoods.com/wp-content/uploads/2024/06/6281050826756-Front.png,active
americana-product,Americana Product,Americana,Frozen > Meat,https://www.americanafoods.com/wp-content/uploads/2024/06/6281050826688-Front.png,active
americana-product,Americana Product,Americana,Frozen > Meat,https://www.americanafoods.com/wp-content/uploads/2024/06/New-Project-61-1.png,active
americana-product,Americana Product,Americana,Dairy > Cheese,https://www.americanafoods.com/wp-content/uploads/2024/06/6281050115713-Front.png,active
americana-product,Americana Product,Americana,Frozen > Meat,https://www.americanafoods.com/wp-content/uploads/2024/06/4001371539-Royal-Hot-Chicken-Strips-750g-New-Family-Bag-Design-X-3D.png,active
americana-product,Americana Product,Americana,Frozen > Meat,https://www.americanafoods.com/wp-content/uploads/2024/06/4001370279-Royal-Chicken-Mosahab-750g-New-Family-Bag-Design-X-3D.png,active
americana-product,Americana Product,Americana,Frozen > Meat,https://www.americanafoods.com/wp-content/uploads/2024/06/4001370156-Royal-Breaded-Chicken-Burger-670g-12pcs-New-Bag-Design-3D.png,active
americana-product,Americana Product,Americana,Frozen > Meat,https://www.americanafoods.com/wp-content/uploads/2024/06/4001972045-Royal-JUMBO-Breaded-Chicken-Burger-1000g-20pcs-New-Poly-Bag-PB-Design-X-F.png,active
americana-product,Americana Product,Americana,Frozen > Meat,https://www.americanafoods.com/wp-content/uploads/2024/06/4001972101-Americana-ZaikaZing-Asian-Range-Chicken-Fillet-700g-Bag-Design-3D-e1731564856574.png,active
americana-product,Americana Product,Americana,Frozen > Meat,https://www.americanafoods.com/wp-content/uploads/2024/09/6.png,active
americana-product,Americana Product,Americana,Uncategorized,https://www.americanafoods.com/wp-content/uploads/2024/06/Salmon-fish-fillet-to-make-slightly-smaller.png,active
americana-product,Americana Product,Americana,Frozen > Meat,https://www.americanafoods.com/wp-content/uploads/2024/06/70ca919a-86dc-413a-a1f4-1c9818e2f076.png,active
americana-product,Americana Product,Americana,Uncategorized,https://www.americanafoods.com/wp-content/uploads/2024/12/French-Fries-1-KG.png,active
americana-product,Americana Product,Americana,Uncategorized,https://www.americanafoods.com/wp-content/uploads/2024/08/Sweet-Potato-Fries1.png,active
americana-product,Americana Product,Americana,Uncategorized,https://www.americanafoods.com/wp-content/uploads/2024/08/Wedges-500g-1.png,active
americana-product,Americana Product,Americana,Uncategorized,https://www.americanafoods.com/wp-content/uploads/2025/01/One-bar-CHoco13.png,active
americana-product,Americana Product,Americana,Uncategorized,https://www.americanafoods.com/wp-content/uploads/2024/06/New-Project-2024-06-06T163954.036-1.png,active
americana-product,Americana Product,Americana,Uncategorized,https://www.americanafoods.com/wp-content/uploads/2025/01/One-bar-Vanilla92-1.png,active
americana-product,Americana Product,Americana,Uncategorized,https://www.americanafoods.com/wp-content/uploads/2025/01/Coated-3P-Chocolate.png,active
americana-product,Americana Product,Americana,Frozen > Meat,https://www.americanafoods.com/wp-content/uploads/2024/06/New-Project-29-1.png,active
americana-product,Americana Product,Americana,Uncategorized,https://www.americanafoods.com/wp-content/uploads/2025/01/ONE-BAR-MIXED-BERRIERS48.png,active
americana-product,Americana Product,Americana,Dairy > Cheese,https://www.americanafoods.com/wp-content/uploads/2025/03/Rings-Cheese.png,active
americana-product,Americana Product,Americana,Uncategorized,https://www.americanafoods.com/wp-content/uploads/2025/03/Twisted-Lime.png,active
americana-product,Americana Product,Americana,Dairy > Cheese,https://www.americanafoods.com/wp-content/uploads/2025/03/Chicka-Creamy-Cheese.png,active
americana-product,Americana Product,Americana,Uncategorized,https://www.americanafoods.com/wp-content/uploads/2025/03/Red-Hot-Pepper-Puffcorn.png,active
americana-product,Americana Product,Americana,Uncategorized,https://www.americanafoods.com/wp-content/uploads/2025/03/Red-Chili-Deluxe.png,active
americana-product,Americana Product,Americana,Uncategorized,https://www.americanafoods.com/wp-content/uploads/2025/03/Quattro-Formaggi.png,active
americana-product,Americana Product,Americana,Uncategorized,https://www.americanafoods.com/wp-content/uploads/2025/01/Pack-Mockup-copy-02.png,active
americana-product,Americana Product,Americana,Dairy > Cheese,https://www.americanafoods.com/wp-content/uploads/2025/03/Zigz-Spicy-Cheese.png,active
americana-product,Americana Product,Americana,Uncategorized,https://www.americanafoods.com/wp-content/uploads/2025/03/Zigz-Chili-Lemon.png,active
americana-product,Americana Product,Americana,Uncategorized,https://www.americanafoods.com/wp-content/uploads/2025/03/Tomato-Zigz.png,active
americana-product,Americana Product,Americana,Dairy > Cheese,https://www.americanafoods.com/wp-content/uploads/2025/03/Sunchips-Four-Cheese.png,active
americana-product,Americana Product,Americana,Uncategorized,https://www.americanafoods.com/wp-content/uploads/2025/03/Chicka-Sweet-Corn.png,active
americana-product,Americana Product,Americana,Uncategorized,https://www.americanafoods.com/wp-content/uploads/2025/01/Coated-3P-Vanilla.png,active
americana-product,Americana Product,Americana,Uncategorized,https://www.americanafoods.com/wp-content/uploads/2025/01/Dueto-STAR-Choco.png,active
americana-product,Americana Product,Americana,Uncategorized,https://www.americanafoods.com/wp-content/uploads/2025/01/Dueto-STAR-Vanilla.png,active
americana-product,Americana Product,Americana,Uncategorized,https://www.americanafoods.com/wp-content/uploads/2025/03/Zigs-Spices.png,active
americana-product,Americana Product,Americana,Uncategorized,https://www.americanafoods.com/wp-content/uploads/2024/08/Break-Rings-Sweet-Paprika.png,active
americana-product,Americana Product,Americana,Uncategorized,https://www.americanafoods.com/wp-content/uploads/2025/03/Chipotle-Puffs.png,active
americana-product,Americana Product,Americana,Uncategorized,https://www.americanafoods.com/wp-content/uploads/2024/08/Americana-Cupcake-Chocolate-1-Piece-25g-Wrapper-3D-1-1.png,active
americana-product,Americana Product,Americana,Uncategorized,https://www.americanafoods.com/wp-content/uploads/2024/08/Americana-Cupcake-Vanilla-1-Piece-25g-Wrapper-3D.-1-1.png,active
americana-product,Americana Product,Americana,Uncategorized,https://www.americanafoods.com/wp-content/uploads/2024/08/AMC-2-pcs-Cupcake-chocolate-1.png,active
americana-product,Americana Product,Americana,Uncategorized,https://www.americanafoods.com/wp-content/uploads/2024/08/3040421755-Cupcake-Chocolate-1-Piece-4x18x25g-Display-Box-Design-3D.png,active
americana-product,Americana Product,Americana,Uncategorized,https://www.americanafoods.com/wp-content/uploads/2025/04/Americana_Cup-Cake-Discounter-pack-10Pcs-Vanilla.png,active
americana-product,Americana Product,Americana,Uncategorized,https://www.americanafoods.com/wp-content/uploads/2025/04/Americana_Cup-Cake-Discounter-pack-10Pcs-Chocolate.png,active
americana-product,Americana Product,Americana,Uncategorized,https://www.americanafoods.com/wp-content/uploads/2025/04/3040430748-Americana-Chocolate-Coated-Strawberry-Cake-Bar-35g-Wrapper-3D-1.png,active
americana-product,Americana Product,Americana,Uncategorized,https://www.americanafoods.com/wp-content/uploads/2024/08/3040430746-Americana-Chocolate-Coated-Vanilla-Cake-Bar-35g-Wrapper-3D-1.png,active
americana-product,Americana Product,Americana,Uncategorized,https://www.americanafoods.com/wp-content/uploads/2025/04/3040430747-Americana-Chocolate-Coated-Chocolate-Cake-Bar-35g-Wrapper-3D-1.png,active
americana-product,Americana Product,Americana,Uncategorized,https://www.americanafoods.com/wp-content/uploads/2024/08/3040430746-Americana-Chocolate-Coated-Vanilla-Cake-Bar-12x35g-Display-Box-3D.png,active
americana-product,Americana Product,Americana,Uncategorized,https://www.americanafoods.com/wp-content/uploads/2025/04/3040430777-Americana-Uncoated-Cake-Bar-Strawberry-Cream-12x20gm-Display-Box-3D.png,active
americana-product,Americana Product,Americana,Uncategorized,https://www.americanafoods.com/wp-content/uploads/2025/04/3040430774-Americana-Uncoated-Cake-Bar-Vanilla-Cream-12x20gm-Display-Box-3D.png,active
americana-product,Americana Product,Americana,Uncategorized,https://www.americanafoods.com/wp-content/uploads/2025/04/3040430775-Americana-Uncoated-Cake-Bar-Chocolate-Cream-12x20gm-Display-Box-3D.png,active
americana-product,Americana Product,Americana,Uncategorized,https://www.americanafoods.com/wp-content/uploads/2025/04/Cake-Bar-10Pcs-Strawberry-3D.png,active
americana-product,Americana Product,Americana,Uncategorized,https://www.americanafoods.com/wp-content/uploads/2024/08/3040430774-Americana-Uncoated-Cake-Bar-Vanilla-Cream-20gm-Wrapper-3D-1.png,active
americana-product,Americana Product,Americana,Uncategorized,https://www.americanafoods.com/wp-content/uploads/2025/04/3040430775-Americana-Uncoated-Cake-Bar-Chocolate-Cream-20gm-Wrapper-3D-1.png,active
americana-product,Americana Product,Americana,Uncategorized,https://www.americanafoods.com/wp-content/uploads/2025/04/Cake-Bar-10Pcs-Vanilla-3D.png,active
americana-product,Americana Product,Americana,Uncategorized,https://www.americanafoods.com/wp-content/uploads/2025/04/Cake-Bar-10Pcs-Chocolate-3D.png,active
americana-product,Americana Product,Americana,Uncategorized,https://www.americanafoods.com/wp-content/uploads/2024/08/3040430748-Americana-Chocolate-Coated-Strawberry-Cake-Bar-12x35g-Display-Box-3D.png,active
americana-product,Americana Product,Americana,Uncategorized,https://www.americanafoods.com/wp-content/uploads/2024/08/3040421150-Americana-Pound-Cake-Vanilla-1x220g-Display-Box-3D.png,active
americana-product,Americana Product,Americana,Uncategorized,https://www.americanafoods.com/wp-content/uploads/2025/04/3040421776-Americana-Cupcake-Strawberry-Filled-1-Piece-28g-Wrapper-3D-1-1.png,active
americana-product,Americana Product,Americana,Uncategorized,https://www.americanafoods.com/wp-content/uploads/2025/04/Americana-Vanilla-Slice-Cake-Wrapper.png,active
americana-product,Americana Product,Americana,Uncategorized,https://www.americanafoods.com/wp-content/uploads/2025/04/Americana-Fruit-Slice-Cake-Wrapper.png,active
americana-product,Americana Product,Americana,Uncategorized,https://www.americanafoods.com/wp-content/uploads/2025/04/3351-AMC-Kunafa-Bar-Box-5pcs-A.png,active
americana-product,Americana Product,Americana,Uncategorized,https://www.americanafoods.com/wp-content/uploads/2025/04/3351-AMC-Kunafa-Bar-Box-10pcs-A.png,active
americana-product,Americana Product,Americana,Uncategorized,https://www.americanafoods.com/wp-content/uploads/2025/04/3040430749-AMC-Kunafa-Bar-Wrapper-35g-1.png,active
americana-product,Americana Product,Americana,Uncategorized,https://www.americanafoods.com/wp-content/uploads/2024/08/3040411341-Americana-Uncoated-Swiss-Roll-Vanilla-Filled-with-Vanilla-Cream-20g-Wrapper-3D-1.png,active
americana-product,Americana Product,Americana,Uncategorized,https://www.americanafoods.com/wp-content/uploads/2024/08/3040411342-Americana-Uncoated-Swiss-Roll-Chocolate-Filled-with-Vanilla-Cream-20g-3D-1.png,active
americana-product,Americana Product,Americana,Uncategorized,https://www.americanafoods.com/wp-content/uploads/2024/08/3040411341-Americana-Uncoated-Swiss-Roll-Vanilla-Filled-with-Vanilla-Cream-12x20g-Display-Box-3D.png,active
americana-product,Americana Product,Americana,Uncategorized,https://www.americanafoods.com/wp-content/uploads/2024/08/3040411342-Americana-Uncoated-Swiss-Roll-Chocolate-Filled-with-Vanilla-Cream-12x20g-Display-Box-3D.png,active
americana-product,Americana Product,Americana,Frozen > Meat,https://www.americanafoods.com/wp-content/uploads/2024/06/Chicken-Fillet-to-make-slightly-smaller.png,active
americana-product,Americana Product,Americana,Frozen > Meat,https://www.americanafoods.com/wp-content/uploads/2024/06/New-Project-38-1.png,active
americana-product,Americana Product,Americana,Uncategorized,https://www.americanafoods.com/wp-content/uploads/2024/06/CG-Tuna-Mockups_Fancy-Tuna-SFO-Chili-17.png,active
americana-product,Americana Product,Americana,Frozen > Vegetables,https://www.americanafoods.com/wp-content/uploads/2024/06/CG-Tuna-Mockups_Light-Meat-Tuna-SFO-Chili-47.png,active
americana-product,Americana Product,Americana,Uncategorized,https://www.americanafoods.com/wp-content/uploads/2024/06/CG-Tuna-Mockups_Light-Meat-Tuna-Veg-Oil-49.png,active
americana-product,Americana Product,Americana,Uncategorized,https://www.americanafoods.com/wp-content/uploads/2024/06/CG-Tuna-Mockups_Light-Meat-Tuna-Water-41.png,active
americana-product,Americana Product,Americana,Frozen > Vegetables,https://www.americanafoods.com/wp-content/uploads/2024/06/CG-Tuna-Mockups_Skipjack-Tuna-Water-SFO-Chili-37.png,active
americana-product,Americana Product,Americana,Uncategorized,https://www.americanafoods.com/wp-content/uploads/2024/06/CG-Tuna-Mockups_Skipjack-Tuna-Water-Olive-Oil-34.png,active
americana-product,Americana Product,Americana,Uncategorized,https://www.americanafoods.com/wp-content/uploads/2024/06/CG-Tuna-Mockups_Skipjack-Tuna-Water-Veg-Oil-39.png,active
americana-product,Americana Product,Americana,Uncategorized,https://www.americanafoods.com/wp-content/uploads/2025/04/CG-Tuna-Mockups_Skipjack-Tuna-Water-31.png,active
americana-product,Americana Product,Americana,Uncategorized,https://www.americanafoods.com/wp-content/uploads/2025/04/CG-Tuna-Mockups_Tuna-Chunks-Olive-Oil-03.png,active
americana-product,Americana Product,Americana,Uncategorized,https://www.americanafoods.com/wp-content/uploads/2025/04/CG-Tuna-Mockups_Tuna-Chunks-SFO-Chili-07.png,active
americana-product,Americana Product,Americana,Uncategorized,https://www.americanafoods.com/wp-content/uploads/2025/04/CG-Tuna-Mockups_Tuna-Sandwiches-Olive-Oil-23.png,active
americana-product,Americana Product,Americana,Uncategorized,https://www.americanafoods.com/wp-content/uploads/2025/04/CG-Tuna-Mockups_Tuna-Sandwiches-SFO-25.png,active
americana-product,Americana Product,Americana,Uncategorized,https://www.americanafoods.com/wp-content/uploads/2025/04/CG-Tuna-Mockups_Tuna-Sandwiches-SFO-Chili.png,active
americana-product,Americana Product,Americana,Frozen > Vegetables,https://www.americanafoods.com/wp-content/uploads/2024/06/CG-Tuna-Mockups_Tuna-Sandwiches-SFO-Veg-Oil-29.png,active
americana-product,Americana Product,Americana,Uncategorized,https://www.americanafoods.com/wp-content/uploads/2025/04/CG-Tuna-Mockups_Tuna-Sandwiches-Water-21.png,active
americana-product,Americana Product,Americana,Frozen > Meat,https://www.americanafoods.com/wp-content/uploads/2024/06/AMC-Fancy-Tuna-Family-Pack160g-r4-3D-09.png,active
americana-product,Americana Product,Americana,Uncategorized,https://www.americanafoods.com/wp-content/uploads/2024/06/AMC-Fancy-Tuna-Family-Pack160g-r4-3D-03.png,active
americana-product,Americana Product,Americana,Frozen > Vegetables,https://www.americanafoods.com/wp-content/uploads/2024/06/AMC-Light-Tuna-Solid-in-Family-Pack-160g-r4-3d-01.png,active
americana-product,Americana Product,Americana,Frozen > Vegetables,https://www.americanafoods.com/wp-content/uploads/2024/06/AMC-Light-Tuna-Solid-in-Family-Pack-160g-r4-3d-07.png,active
americana-product,Americana Product,Americana,Frozen > Meat,https://www.americanafoods.com/wp-content/uploads/2025/04/AMC-Light-Tuna-Solid-in-Family-Pack-160g-r4-3d-05.png,active
americana-product,Americana Product,Americana,Frozen > Meat,https://www.americanafoods.com/wp-content/uploads/2025/04/AMC-Light-Tuna-Solid-in-Family-Pack-160g-r4-3d-09.png,active
americana-product,Americana Product,Americana,Frozen > Vegetables,https://www.americanafoods.com/wp-content/uploads/2025/04/AMC-Light-Tuna-Solid-in-Family-Pack-160g-r4-3d-03.png,active
americana-product,Americana Product,Americana,Uncategorized,https://www.americanafoods.com/wp-content/uploads/2025/04/AMC-Tuna-Chunks-Family-Pack160g-r4-3d-10.png,active
americana-product,Americana Product,Americana,Uncategorized,https://www.americanafoods.com/wp-content/uploads/2025/04/AMC-Tuna-Chunks-Family-Pack160g-r4-3d-07.png,active
americana-product,Americana Product,Americana,Uncategorized,https://www.americanafoods.com/wp-content/uploads/2024/06/AMC-Tuna-Chunks-Family-Pack160g-r4-3d-05.png,active
americana-product,Americana Product,Americana,Frozen > Vegetables,https://www.americanafoods.com/wp-content/uploads/2025/04/AMC-Tuna-Chunks-Family-Pack160g-r4-3d-03.png,active
americana-product,Americana Product,Americana,Uncategorized,https://www.americanafoods.com/wp-content/uploads/2025/04/AMC-Tuna-Chunks-Family-Pack160g-r4-3d-01.png,active
americana-product,Americana Product,Americana,Uncategorized,https://www.americanafoods.com/wp-content/uploads/2025/04/AMC-Tuna-Sandwich-Family-Pack160g-r4-3D-09.png,active
americana-product,Americana Product,Americana,Uncategorized,https://www.americanafoods.com/wp-content/uploads/2025/04/AMC-Tuna-Sandwich-Family-Pack160g-r4-3D-07.png,active
americana-product,Americana Product,Americana,Uncategorized,https://www.americanafoods.com/wp-content/uploads/2025/04/AMC-Tuna-Sandwich-Family-Pack160g-r4-3D-05.png,active
americana-product,Americana Product,Americana,Frozen > Vegetables,https://www.americanafoods.com/wp-content/uploads/2025/04/AMC-Tuna-Sandwich-Family-Pack160g-r4-3D-03.png,active
americana-product,Americana Product,Americana,Uncategorized,https://www.americanafoods.com/wp-content/uploads/2025/04/CG-Tuna-Mockups_Tuna-Sandwiches-Water-21-1.png,active
americana-product,Americana Product,Americana,Uncategorized,https://www.americanafoods.com/wp-content/uploads/2024/06/CG-Tuna-Mockups_Fancy-Tuna-SFO-15.png,active
americana-product,Americana Product,Americana,Uncategorized,https://www.americanafoods.com/wp-content/uploads/2024/06/CG-Tuna-Mockups_Light-Meat-Tuna-SFO-45.png,active
americana-product,Americana Product,Americana,Uncategorized,https://www.americanafoods.com/wp-content/uploads/2025/04/CG-Tuna-Mockups_Tuna-Chunks-SFO-05.png,active
americana-product,Americana Product,Americana,Frozen > Vegetables,https://www.americanafoods.com/wp-content/uploads/2024/06/CG-Tuna-Mockups_Tuna-Chunks-Veg-Oil-09.png,active
americana-product,Americana Product,Americana,Uncategorized,https://www.americanafoods.com/wp-content/uploads/2025/04/CG-Tuna-Mockups_Tuna-Chunks-Water-01-1.png,active
americana-product,Americana Product,Americana,Frozen > Vegetables,https://www.americanafoods.com/wp-content/uploads/2024/06/AMC-Fancy-Tuna-Family-Pack160g-r4-3D-05.png,active
americana-product,Americana Product,Americana,Uncategorized,https://www.americanafoods.com/wp-content/uploads/2024/06/New-Project-2024-06-06T162812.151-1.png,active
americana-product,Americana Product,Americana,Uncategorized,https://www.americanafoods.com/wp-content/uploads/2024/06/New-Project-2024-06-06T154500.268-1.png,active
americana-product,Americana Product,Americana,Uncategorized,https://www.americanafoods.com/wp-content/uploads/2024/08/Americana-Peanut-Butter-Cookies-100g.png,active
americana-product,Americana Product,Americana,Uncategorized,https://www.americanafoods.com/wp-content/uploads/2024/06/AMC-Mushroom-Whole-425g-EN-make-smaller.png,active
americana-product,Americana Product,Americana,Uncategorized,https://www.americanafoods.com/wp-content/uploads/2024/06/1191-CG-450g-Kuwait.png,active
americana-product,Americana Product,Americana,Uncategorized,https://www.americanafoods.com/wp-content/uploads/2024/08/Choco-Cookies-Original-Packet.png,active
americana-product,Americana Product,Americana,Uncategorized,https://www.americanafoods.com/wp-content/uploads/2024/06/New-Project-25-1-2.png,active
americana-product,Americana Product,Americana,Dairy > Cheese,https://www.americanafoods.com/wp-content/uploads/2024/06/Americana-Bakery-Cheese-with-Zaatar-Arayes-New-Pack-Design-Sam-F-CS4-3D-e1730976060395.png,active
americana-product,Americana Product,Americana,Uncategorized,https://www.americanafoods.com/wp-content/uploads/2024/06/New-Project-2024-06-06T163244.989-1.png,active
americana-product,Americana Product,Americana,Uncategorized,https://www.americanafoods.com/wp-content/uploads/2024/08/3040421153-Americana-Pound-Cake-Marble-1x220g-Display-Box-3D.png,active
americana-product,Americana Product,Americana,Uncategorized,https://www.americanafoods.com/wp-content/uploads/2024/06/New-Project-42-1-2.png,active
americana-product,Americana Product,Americana,Frozen > Meat,https://www.americanafoods.com/wp-content/uploads/2024/06/4001370841-Royal-Chicken-Fillet-750g-New-Family-Bag-Design-X-3D.png,active
americana-product,Americana Product,Americana,Uncategorized,https://www.americanafoods.com/wp-content/uploads/2024/06/AMC-Baked-Beans-400g-EN-make-slightly-smaller.png,active
americana-product,Americana Product,Americana,Uncategorized,https://www.americanafoods.com/wp-content/uploads/2024/06/CG-Tuna-Mockups_Fancy-Tuna-Olive-Oil-13.png,active
americana-product,Americana Product,Americana,Uncategorized,https://www.americanafoods.com/wp-content/uploads/2024/06/New-Project-24-1-1.png,active
americana-product,Americana Product,Americana,Uncategorized,https://www.americanafoods.com/wp-content/uploads/2024/06/CG-Tuna-Mockups_Light-Meat-Tuna-Olive-Oil-43.png,active
americana-product,Americana Product,Americana,Frozen > Vegetables,https://www.americanafoods.com/wp-content/uploads/2024/06/New-Project-2024-06-06T155122.848-1.png,active
americana-product,Americana Product,Americana,Uncategorized,https://www.americanafoods.com/wp-content/uploads/2024/06/New-Project-15-1-2.png,active
americana-product,Americana Product,Americana,Uncategorized,https://www.americanafoods.com/wp-content/uploads/2024/08/Cup-Cake-24Pcs-Vanilla.png,active
americana-product,Americana Product,Americana,Uncategorized,https://www.americanafoods.com/wp-content/uploads/2025/03/BBQ-sunchips.png,active
americana-product,Americana Product,Americana,Uncategorized,https://www.americanafoods.com/wp-content/uploads/2024/06/51303436-Americana-Craves-Premium-Wood-Smoked-Beef-Strips-200g-Paper-Pouch-Design-F.png,active
americana-product,Americana Product,Americana,Frozen > Meat,https://www.americanafoods.com/wp-content/uploads/2024/06/New-Project-2024-06-06T165921.868-1.png,active
americana-product,Americana Product,Americana,Uncategorized,https://www.americanafoods.com/wp-content/uploads/2024/06/New-Project-20-1-2.png,active
americana-product,Americana Product,Americana,Uncategorized,https://www.americanafoods.com/wp-content/uploads/2024/08/Crunchy-Cookies-Oat-Cinnamon.png,active
americana-product,Americana Product,Americana,Uncategorized,https://www.americanafoods.com/wp-content/uploads/2024/06/New-Project-10-1-1.png,active
americana-product,Americana Product,Americana,Frozen > Meat,https://www.americanafoods.com/wp-content/uploads/2024/06/4001370280-Royal-Hot-Chicken-Mosahab-750g-New-Family-Bag-Design-X-3D.png,active
americana-product,Americana Product,Americana,Frozen > Vegetables,https://www.americanafoods.com/wp-content/uploads/2024/06/CG-Tuna-Mockups_Fancy-Tuna-SFO-Veg-Oil-19.png,active
americana-product,Americana Product,Americana,Uncategorized,https://www.americanafoods.com/wp-content/uploads/2024/08/3040430777-Americana-Uncoated-Cake-Bar-Strawberry-Cream-20gm-Wrapper-3D-1.png,active
americana-product,Americana Product,Americana,Uncategorized,https://www.americanafoods.com/wp-content/uploads/2024/06/AMC-Fancy-Tuna-Family-Pack160g-r4-3D-07.png,active
americana-product,Americana Product,Americana,Uncategorized,https://www.americanafoods.com/wp-content/uploads/2024/06/CG-Baked-Beans-Chargrill-400g-en.png,active
americana-product,Americana Product,Americana,Uncategorized,https://www.americanafoods.com/wp-content/uploads/2024/06/Seafood-Salad-make-smaller.png,active
americana-product,Americana Product,Americana,Uncategorized,https://www.americanafoods.com/wp-content/uploads/2024/06/New-Project-2024-06-05T152932.736-1.png,active
americana-product,Americana Product,Americana,Uncategorized,https://www.americanafoods.com/wp-content/uploads/2024/06/Large_Croissant_Oregano.png,active
americana-product,Americana Product,Americana,Frozen > Meat,https://www.americanafoods.com/wp-content/uploads/2024/06/4001370266-Royal-Chicken-Nuggets-750g-New-Family-Bag-Design-X-3D.png,active
americana-product,Americana Product,Americana,Uncategorized,https://www.americanafoods.com/wp-content/uploads/2025/04/3040421777-Americana-Cupcake-Chocolate-Filled-1-Piece-28g-Wrapper-3D-1.png,active
americana-product,Americana Product,Americana,Uncategorized,https://www.americanafoods.com/wp-content/uploads/2024/06/New-Project-38-1-2.png,active
americana-product,Americana Product,Americana,Uncategorized,https://www.americanafoods.com/wp-content/uploads/2024/06/New-Project-19-1-1.png,active
americana-product,Americana Product,Americana,Frozen > Meat,https://www.americanafoods.com/wp-content/uploads/2024/06/4001972049-JUMBO-Royal-UnBreaded-Chicken-Burger-1000g-10pcs-New-Poly-Bag-PB-Design-3D.png,active
americana-product,Americana Product,Americana,Frozen > Meat,https://www.americanafoods.com/wp-content/uploads/2024/06/4001310152-Royal-Beef-Burger-1000g-20pcs-New-Poly-Bag-PB-Design-X-3D.png,active
americana-product,Americana Product,Americana,Frozen > Meat,https://www.americanafoods.com/wp-content/uploads/2024/06/New-Project-79-1.png,active
americana-product,Americana Product,Americana,Uncategorized,https://www.americanafoods.com/wp-content/uploads/2024/08/3040421751-Americana-Cupcake-Vanilla-1-Piece-18x25g-Display-Box-3D-1.png,active
americana-product,Americana Product,Americana,Uncategorized,https://www.americanafoods.com/wp-content/uploads/2024/06/3D_Outer_LargeCroissant_Chocolate.png,active
americana-product,Americana Product,Americana,Uncategorized,https://www.americanafoods.com/wp-content/uploads/2024/06/New-Project-6-1-1.png,active
americana-product,Americana Product,Americana,Frozen > Meat,https://www.americanafoods.com/wp-content/uploads/2024/06/New-Project-8-1.png,active
americana-product,Americana Product,Americana,Uncategorized,https://www.americanafoods.com/wp-content/uploads/2024/06/New-Project-7.png,active
americana-product,Americana Product,Americana,Frozen > Meat,https://www.americanafoods.com/wp-content/uploads/2024/06/6281050215444-Front-1.png,active
americana-product,Americana Product,Americana,Uncategorized,https://www.americanafoods.com/wp-content/uploads/2024/06/New-Project-2024-06-06T155600.213-1.png,active
americana-product,Americana Product,Americana,Uncategorized,https://www.americanafoods.com/wp-content/uploads/2024/06/Pomme-Frites.png,active
americana-product,Americana Product,Americana,Uncategorized,https://www.americanafoods.com/wp-content/uploads/2024/08/Cauliflower-make-bigger-3.png,active
americana-product,Americana Product,Americana,Uncategorized,https://www.americanafoods.com/wp-content/uploads/2024/06/New-Project-10-2.png,active
americana-product,Americana Product,Americana,Uncategorized,https://www.americanafoods.com/wp-content/uploads/2024/06/New-Project-30.png,active
americana-product,Americana Product,Americana,Dairy > Cheese,https://www.americanafoods.com/wp-content/uploads/2024/06/New-Project-2024-06-06T182634.666-1.png,active
americana-product,Americana Product,Americana,Frozen > Vegetables,https://www.americanafoods.com/wp-content/uploads/2024/08/32.png,active
americana-product,Americana Product,Americana,Uncategorized,https://www.americanafoods.com/wp-content/uploads/2024/08/Single-rolls-Vanilla.png,active
americana-product,Americana Product,Americana,Uncategorized,https://www.americanafoods.com/wp-content/uploads/2024/08/Break-Rings-Sour-Cream-Onion.png,active
americana-product,Americana Product,Americana,Uncategorized,https://www.americanafoods.com/wp-content/uploads/2024/06/CG-Grape-Leaves-908-en-new-1.png,active
americana-product,Americana Product,Americana,Uncategorized,https://www.americanafoods.com/wp-content/uploads/2024/06/AMC-Fava-Beans-Oil-Lemin-Cumin-EN-make-slightly-smaller-1.png,active
americana-product,Americana Product,Americana,Frozen > Meat,https://www.americanafoods.com/wp-content/uploads/2024/06/New-Project-63-1.png,active
americana-product,Americana Product,Americana,Frozen > Meat,https://www.americanafoods.com/wp-content/uploads/2024/06/Crunchy-Chicken-Legs-Meal-with-Fries-to-make-slightly-bigger.png,active
americana-product,Americana Product,Americana,Uncategorized,https://www.americanafoods.com/wp-content/uploads/2025/03/Rings-Sweet.png,active
americana-product,Americana Product,Americana,Uncategorized,https://www.americanafoods.com/wp-content/uploads/2024/06/4-1.png,active
americana-product,Americana Product,Americana,Uncategorized,https://www.americanafoods.com/wp-content/uploads/2024/08/Pound-Cake-Chocolate-Chips-e1724407623373.png,active
americana-product,Americana Product,Americana,Frozen > Meat,https://www.americanafoods.com/wp-content/uploads/2024/06/Xtreme-Chicken-Fillet-to-make-slightly-smaller-2.png,active
americana-product,Americana Product,Americana,Uncategorized,https://www.americanafoods.com/wp-content/uploads/2024/06/New-Project-8-1-1.png,active
americana-product,Americana Product,Americana,Uncategorized,https://www.americanafoods.com/wp-content/uploads/2024/06/New-Project-37-1-2.png,active
americana-product,Americana Product,Americana,Uncategorized,https://www.americanafoods.com/wp-content/uploads/2024/06/New-Project-13-1-2.png,active
americana-product,Americana Product,Americana,Frozen > Meat,https://www.americanafoods.com/wp-content/uploads/2024/09/6281050114150-Front.png,active
americana-product,Americana Product,Americana,Dairy > Cheese,https://www.americanafoods.com/wp-content/uploads/2024/06/Halloumi-Cheese_3DW.png,active
americana-product,Americana Product,Americana,Uncategorized,https://www.americanafoods.com/wp-content/uploads/2024/06/AMC-Plain-Fava-Beans-EN-make-slightly-smaller.png,active
americana-product,Americana Product,Americana,Uncategorized,https://www.americanafoods.com/wp-content/uploads/2024/06/Maestro-1.png,active
americana-product,Americana Product,Americana,Uncategorized,https://www.americanafoods.com/wp-content/uploads/2024/06/1191-CG-450-Mashed-Plain.png,active
americana-product,Americana Product,Americana,Frozen > Vegetables,https://www.americanafoods.com/wp-content/uploads/2024/06/1191-CG-420g-Chickpeas.png,active
americana-product,Americana Product,Americana,Frozen > Meat,https://www.americanafoods.com/wp-content/uploads/2024/06/58e3eaba-19e6-40d1-bdff-b390a9d169c2.png,active
americana-product,Americana Product,Americana,Frozen > Meat,https://www.americanafoods.com/wp-content/uploads/2024/06/3.png,active
americana-product,Americana Product,Americana,Uncategorized,https://www.americanafoods.com/wp-content/uploads/2024/08/Large-Chocolate.png,active
americana-product,Americana Product,Americana,Uncategorized,https://www.americanafoods.com/wp-content/uploads/2024/08/6-Pcs-Vanilla.png,active
americana-product,Americana Product,Americana,Uncategorized,https://www.americanafoods.com/wp-content/uploads/2024/08/Pound-Cake-Marble-e1724407210134.png,active
americana-product,Americana Product,Americana,Frozen > Meat,https://www.americanafoods.com/wp-content/uploads/2024/06/New-Project-80-1.png,active
americana-product,Americana Product,Americana,Frozen > Meat,https://www.americanafoods.com/wp-content/uploads/2024/06/4001972055-Royal-Hot-Chicken-Fillet-750g-New-Family-Bag-Design-3D.png,active
americana-product,Americana Product,Americana,Frozen > Meat,https://www.americanafoods.com/wp-content/uploads/2024/06/Jumbo-Beef-Burger-to-make-smaller-2.png,active
americana-product,Americana Product,Americana,Uncategorized,https://www.americanafoods.com/wp-content/uploads/2024/08/Pound-Cake-Orange-e1724407340608.png,active
americana-product,Americana Product,Americana,Uncategorized,https://www.americanafoods.com/wp-content/uploads/2024/06/New-Project-43-1-2.png,active
americana-product,Americana Product,Americana,Uncategorized,https://www.americanafoods.com/wp-content/uploads/2024/08/Pound-Cake-Almond-Cardamom-e1724406917474.png,active
americana-product,Americana Product,Americana,Uncategorized,https://www.americanafoods.com/wp-content/uploads/2024/06/New-Project-16-1-2.png,active
americana-product,Americana Product,Americana,Uncategorized,https://www.americanafoods.com/wp-content/uploads/2024/06/Bread-crumbs.png,active
americana-product,Americana Product,Americana,Frozen > Meat,https://www.americanafoods.com/wp-content/uploads/2024/09/Crunchy-Chicken-Pane-8pcs.png,active
americana-product,Americana Product,Americana,Frozen > Meat,https://www.americanafoods.com/wp-content/uploads/2024/06/4001371538-Royal-Chicken-Strips-750g-New-Family-Bag-Design-X-3D.png,active
americana-product,Americana Product,Americana,Dairy > Cheese,https://www.americanafoods.com/wp-content/uploads/2024/06/Large_Pie_Feta-make-smaller.png,active
americana-product,Americana Product,Americana,Frozen > Meat,https://www.americanafoods.com/wp-content/uploads/2024/06/6281050115034-Front.png,active
americana-product,Americana Product,Americana,Uncategorized,https://www.americanafoods.com/wp-content/uploads/2024/06/New-Project-33-1-2.png,active
americana-product,Americana Product,Americana,Frozen > Meat,https://www.americanafoods.com/wp-content/uploads/2024/08/37.png,active
americana-product,Americana Product,Americana,Uncategorized,https://www.americanafoods.com/wp-content/uploads/2024/08/Molokhia-make-slighlty-bigger.png,active
americana-product,Americana Product,Americana,Uncategorized,https://www.americanafoods.com/wp-content/uploads/2024/08/AMC-2-pcs-Cupcake-vanilla-1.png,active
americana-product,Americana Product,Americana,Frozen > Meat,https://www.americanafoods.com/wp-content/uploads/2024/06/New-Project-30-1.png,active
americana-product,Americana Product,Americana,Dairy > Cheese,https://www.americanafoods.com/wp-content/uploads/2024/06/New-Project-77-1.png,active
americana-product,Americana Product,Americana,Frozen > Meat,https://www.americanafoods.com/wp-content/uploads/2024/06/6281050114105-Front.png,active
americana-product,Americana Product,Americana,Uncategorized,https://www.americanafoods.com/wp-content/uploads/2024/08/Butter-Cookies-Big-Tin-Blue-2-1.png,active
americana-product,Americana Product,Americana,Uncategorized,https://www.americanafoods.com/wp-content/uploads/2024/06/New-Project-2024-06-06T130312.212-1.png,active
americana-product,Americana Product,Americana,Uncategorized,https://www.americanafoods.com/wp-content/uploads/2024/06/New-Project-2024-06-06T131651.226.png,active
americana-product,Americana Product,Americana,Uncategorized,https://www.americanafoods.com/wp-content/uploads/2024/08/1715-CG-Tahini-Jar-Green-3D-front.png,active
americana-product,Americana Product,Americana,Uncategorized,https://www.americanafoods.com/wp-content/uploads/2024/06/CG-Pineapple-Slices-make-smaller.png,active
americana-product,Americana Product,Americana,Uncategorized,https://www.americanafoods.com/wp-content/uploads/2024/06/CG-Pineapple-Chunks-make-smaller-1.png,active
americana-product,Americana Product,Americana,Uncategorized,https://www.americanafoods.com/wp-content/uploads/2024/08/MicrosoftTeams-image-29.png,active
americana-product,Americana Product,Americana,Frozen > Meat,https://www.americanafoods.com/wp-content/uploads/2024/06/Chicken-Popcorn-to-make-slightly-smaller-1.png,active
americana-product,Americana Product,Americana,Uncategorized,https://www.americanafoods.com/wp-content/uploads/2024/06/New-Project-16-1.png,active
americana-product,Americana Product,Americana,Uncategorized,https://www.americanafoods.com/wp-content/uploads/2024/08/Signel-roll-wrapper-Chocolate-1.png,active
americana-product,Americana Product,Americana,Uncategorized,https://www.americanafoods.com/wp-content/uploads/2024/08/MicrosoftTeams-image-27.png,active
americana-product,Americana Product,Americana,Frozen > Meat,https://www.americanafoods.com/wp-content/uploads/2024/06/AMC-Fancy-Tuna-Family-Pack160g-r4-3D-01-1.png,active
americana-product,Americana Product,Americana,Uncategorized,https://www.americanafoods.com/wp-content/uploads/2024/08/Pound-Cake-Vanilla-e1724407979853.png,active
americana-product,Americana Product,Americana,Uncategorized,https://www.americanafoods.com/wp-content/uploads/2024/08/3040411343-Americana-Uncoated-Swiss-Roll-Vanilla-Filled-with-Strawberry-Cream-20g-Wrapper-3D-1.png,active
americana-product,Americana Product,Americana,Frozen > Meat,https://www.americanafoods.com/wp-content/uploads/2024/06/Chicken-caesar-salad-make-smaller.png,active
americana-product,Americana Product,Americana,Frozen > Meat,https://www.americanafoods.com/wp-content/uploads/2024/06/Crunchy-Nuggets-20pcs.png,active
americana-product,Americana Product,Americana,Frozen > Meat,https://www.americanafoods.com/wp-content/uploads/2024/06/New-Project-10-1.png,active
americana-product,Americana Product,Americana,Frozen > Meat,https://www.americanafoods.com/wp-content/uploads/2024/06/New-Project-42-1.png,active
americana-product,Americana Product,Americana,Frozen > Meat,https://www.americanafoods.com/wp-content/uploads/2024/09/Chicken-Wings.png,active
americana-product,Americana Product,Americana,Dairy > Cheese,https://www.americanafoods.com/wp-content/uploads/2024/06/New-Project-2024-06-06T160226.210-1.png,active
americana-product,Americana Product,Americana,Uncategorized,https://www.americanafoods.com/wp-content/uploads/2024/06/New-Project-18-1-1.png,active
americana-product,Americana Product,Americana,Uncategorized,https://www.americanafoods.com/wp-content/uploads/2024/08/Pound-Cake-Chocolate-e1724407848443.png,active
americana-product,Americana Product,Americana,Frozen > Meat,https://www.americanafoods.com/wp-content/uploads/2024/06/30.png,active
americana-product,Americana Product,Americana,Uncategorized,https://www.americanafoods.com/wp-content/uploads/2024/06/CG-Tuna-Mockups_Skipjack-Tuna-Water-SFO-35.png,active
americana-product,Americana Product,Americana,Uncategorized,https://www.americanafoods.com/wp-content/uploads/2024/08/Single-Swiss-Roll-Vanilla.png,active
americana-product,Americana Product,Americana,Uncategorized,https://www.americanafoods.com/wp-content/uploads/2024/06/New-Project-9-1.png,active
americana-product,Americana Product,Americana,Uncategorized,https://www.americanafoods.com/wp-content/uploads/2024/08/Molokhia-with-Taklia-make-slightly-bigger-2.png,active
americana-product,Americana Product,Americana,Frozen > Meat,https://www.americanafoods.com/wp-content/uploads/2024/06/9051ddfc-4d85-4e24-85ec-f146209faa10-1.png,active
americana-product,Americana Product,Americana,Uncategorized,https://www.americanafoods.com/wp-content/uploads/2024/06/2-1.png,active
americana-product,Americana Product,Americana,Frozen > Vegetables,https://www.americanafoods.com/wp-content/uploads/2024/06/AMC-Fava-Beans-Chickpeas-Olive-Oil-EN-make-slightly-smaller.png,active
americana-product,Americana Product,Americana,Uncategorized,https://www.americanafoods.com/wp-content/uploads/2024/06/New-Project-9-1-1.png,active
americana-product,Americana Product,Americana,Dairy > Cheese,https://www.americanafoods.com/wp-content/uploads/2024/06/Turkey-with-creamy-cheese-1.png,active
americana-product,Americana Product,Americana,Uncategorized,https://www.americanafoods.com/wp-content/uploads/2024/08/3040421152-Americana-Pound-Cake-Chocolate-1x220g-Display-Box-3D.png,active
americana-product,Americana Product,Americana,Uncategorized,https://www.americanafoods.com/wp-content/uploads/2024/06/New-Project-26-1-2.png,active
americana-product,Americana Product,Americana,Uncategorized,https://www.americanafoods.com/wp-content/uploads/2024/06/Pastry-Leaves.png,active
americana-product,Americana Product,Americana,Frozen > Meat,https://www.americanafoods.com/wp-content/uploads/2024/06/Chicken-Mayonnaise.png,active
americana-product,Americana Product,Americana,Frozen > Meat,https://www.americanafoods.com/wp-content/uploads/2024/06/1-2.png,active
americana-product,Americana Product,Americana,Frozen > Vegetables,https://www.americanafoods.com/wp-content/uploads/2024/06/New-Project-2024-06-05T160629.436-1.png,active
americana-product,Americana Product,Americana,Uncategorized,https://www.americanafoods.com/wp-content/uploads/2024/06/FetaTomato_3DB-1.png,active
americana-product,Americana Product,Americana,Uncategorized,https://www.americanafoods.com/wp-content/uploads/2024/06/New-Project-1.png,active
americana-product,Americana Product,Americana,Frozen > Meat,https://www.americanafoods.com/wp-content/uploads/2024/06/Beef-Mortadella-with-Olives-Front.png,active
americana-product,Americana Product,Americana,Uncategorized,https://www.americanafoods.com/wp-content/uploads/2024/08/Butter-Cookies-12-packets.png,active
americana-product,Americana Product,Americana,Frozen > Meat,https://www.americanafoods.com/wp-content/uploads/2024/09/36.png,active
americana-product,Americana Product,Americana,Uncategorized,https://www.americanafoods.com/wp-content/uploads/2024/06/Sofresh-EggsDill_-Light-B3Dpsd.png,active
americana-product,Americana Product,Americana,Frozen > Meat,https://www.americanafoods.com/wp-content/uploads/2024/06/New-Project-22-1.png,active
americana-product,Americana Product,Americana,Uncategorized,https://www.americanafoods.com/wp-content/uploads/2024/08/3040430747-Americana-Chocolate-Coated-Chocolate-Cake-Bar-12x35g-Display-Box-3D.png,active
americana-product,Americana Product,Americana,Frozen > Meat,https://www.americanafoods.com/wp-content/uploads/2024/06/Chicken-Nuggets-to-make-slightly-smaller.png,active
americana-product,Americana Product,Americana,Uncategorized,https://www.americanafoods.com/wp-content/uploads/2024/06/Sofresh-Tuna_-Light-B3Dpsd.png,active
americana-product,Americana Product,Americana,Frozen > Meat,https://www.americanafoods.com/wp-content/uploads/2024/06/New-Project-46-1.png,active
americana-product,Americana Product,Americana,Uncategorized,https://www.americanafoods.com/wp-content/uploads/2024/06/New-Project-27-1-2.png,active
americana-product,Americana Product,Americana,Frozen > Meat,https://www.americanafoods.com/wp-content/uploads/2024/06/Beef-Sausage-Original-Front.png,active
americana-product,Americana Product,Americana,Uncategorized,https://www.americanafoods.com/wp-content/uploads/2024/06/Thin-Fries.png,active
americana-product,Americana Product,Americana,Uncategorized,https://www.americanafoods.com/wp-content/uploads/2024/08/Hazelnut-Coated-Swiss-Roll-Packet-1.png,active
americana-product,Americana Product,Americana,Dairy > Cheese,https://www.americanafoods.com/wp-content/uploads/2024/06/CheeseOnion3D.png,active
americana-product,Americana Product,Americana,Uncategorized,https://www.americanafoods.com/wp-content/uploads/2024/06/Four-season-salad-make-smaller.png,active
americana-product,Americana Product,Americana,Uncategorized,https://www.americanafoods.com/wp-content/uploads/2024/06/6281050523518-Front.png,active
americana-product,Americana Product,Americana,Uncategorized,https://www.americanafoods.com/wp-content/uploads/2024/06/New-Project-35-1-4.png,active
americana-product,Americana Product,Americana,Uncategorized,https://www.americanafoods.com/wp-content/uploads/2024/06/New-Project-2-1.png,active
americana-product,Americana Product,Americana,Frozen > Meat,https://www.americanafoods.com/wp-content/uploads/2024/06/370150-Americana-Jumbo-Unbreaded-Chicken-Burger-1000g-10pcs-New-Poly-Bag-PB-Design-FF_R1-3D-1.png,active
americana-product,Americana Product,Americana,Uncategorized,https://www.americanafoods.com/wp-content/uploads/2024/06/New-Project-28-1-2.png,active
americana-product,Americana Product,Americana,Uncategorized,https://www.americanafoods.com/wp-content/uploads/2024/06/Large_Croissant_Strawberry.png,active
americana-product,Americana Product,Americana,Uncategorized,https://www.americanafoods.com/wp-content/uploads/2024/06/6281050215499-Front.png,active
americana-product,Americana Product,Americana,Uncategorized,https://www.americanafoods.com/wp-content/uploads/2024/06/New-Project-17-1.png,active
americana-product,Americana Product,Americana,Uncategorized,https://www.americanafoods.com/wp-content/uploads/2024/06/CG-Tuna-Mockups_Fancy-Tuna-Water-11.png,active
americana-product,Americana Product,Americana,Frozen > Meat,https://www.americanafoods.com/wp-content/uploads/2024/06/New-Project-40-1.png,active
americana-product,Americana Product,Americana,Frozen > Meat,https://www.americanafoods.com/wp-content/uploads/2024/09/43.png,active
americana-product,Americana Product,Americana,Frozen > Vegetables,https://www.americanafoods.com/wp-content/uploads/2024/06/New-Project-2024-06-05T134834.741-1.png,active
americana-product,Americana Product,Americana,Uncategorized,https://www.americanafoods.com/wp-content/uploads/2024/08/Americana-Soft-Cookies-with-Hersheys-Chocolate-40g-Wrapper-3D-1.png,active
americana-product,Americana Product,Americana,Uncategorized,https://www.americanafoods.com/wp-content/uploads/2024/06/New-Project-34-1-2.png,active
americana-product,Americana Product,Americana,Frozen > Vegetables,https://www.americanafoods.com/wp-content/uploads/2024/06/New-Project-2024-06-05T140636.858.png,active
americana-product,Americana Product,Americana,Uncategorized,https://www.americanafoods.com/wp-content/uploads/2024/06/Fatoush.png,active
americana-product,Americana Product,Americana,Frozen > Meat,https://www.americanafoods.com/wp-content/uploads/2024/06/4001972097-Americana-ZaikaZing-Asian-Range-Chicken-Nuggets-700g-Bag-Design-3D-1.png,active
americana-product,Americana Product,Americana,Frozen > Vegetables,https://www.americanafoods.com/wp-content/uploads/2024/06/New-Project-2024-06-05T134017.583-1.png,active
americana-product,Americana Product,Americana,Frozen > Vegetables,https://www.americanafoods.com/wp-content/uploads/2024/06/New-Project-2024-06-05T141150.080-1.png,active
americana-product,Americana Product,Americana,Dairy > Cheese,https://www.americanafoods.com/wp-content/uploads/2024/06/Sofresh_Cheeese-onion_Mayonnaise_3D_Hot-B.png,active
americana-product,Americana Product,Americana,Frozen > Meat,https://www.americanafoods.com/wp-content/uploads/2024/06/4001370861-Royal-Tender-Chicken-Breast-1000g-New-Reel-Bag-Design-Pouch-3D.png,active
americana-product,Americana Product,Americana,Uncategorized,https://www.americanafoods.com/wp-content/uploads/2024/09/6281050113146-Front.png,active
americana-product,Americana Product,Americana,Uncategorized,https://www.americanafoods.com/wp-content/uploads/2024/06/New-Project-58-1.png,active
americana-product,Americana Product,Americana,Uncategorized,https://www.americanafoods.com/wp-content/uploads/2024/06/Beef-Pepperoni-Original-2-1.png,active
americana-product,Americana Product,Americana,Uncategorized,https://www.americanafoods.com/wp-content/uploads/2024/06/Fresh-strawberry.png,active
americana-product,Americana Product,Americana,Frozen > Meat,https://www.americanafoods.com/wp-content/uploads/2024/06/Chicken_Mayonnaise_3D_Hot-B.png,active
americana-product,Americana Product,Americana,Uncategorized,https://www.americanafoods.com/wp-content/uploads/2024/08/Broccoli-make-slightly-bigger.png,active
americana-product,Americana Product,Americana,Uncategorized,https://www.americanafoods.com/wp-content/uploads/2024/06/310601-Americana-Jumbo-Beef-Burger-1000g-10pcs-New-Poly-Bag-PB-Design-F_R1-3D-1.png,active
americana-product,Americana Product,Americana,Frozen > Meat,https://www.americanafoods.com/wp-content/uploads/2024/06/New-Project-81-1.png,active
americana-product,Americana Product,Americana,Dairy > Cheese,https://www.americanafoods.com/wp-content/uploads/2024/06/Large_Pie_FetaOlives-make-smaller.png,active
americana-product,Americana Product,Americana,Frozen > Meat,https://www.americanafoods.com/wp-content/uploads/2024/09/34.png,active
americana-product,Americana Product,Americana,Uncategorized,https://www.americanafoods.com/wp-content/uploads/2024/08/3040411343-Americana-Uncoated-Swiss-Roll-Vanilla-Filled-with-Strawberry-Cream-12x20g-Display-Box-3D.png,active
americana-product,Americana Product,Americana,Uncategorized,https://www.americanafoods.com/wp-content/uploads/2024/06/New-Project-2024-06-06T180342.243-1.png,active
americana-product,Americana Product,Americana,Frozen > Meat,https://www.americanafoods.com/wp-content/uploads/2024/06/Chicken-Strips-to-make-slightly-smaller-1.png,active
americana-product,Americana Product,Americana,Uncategorized,https://www.americanafoods.com/wp-content/uploads/2024/08/Corn-on-the-cob-make-slightly-bigger-2.png,active
americana-product,Americana Product,Americana,Uncategorized,https://www.americanafoods.com/wp-content/uploads/2024/06/6281050215482-Front.png,active
americana-product,Americana Product,Americana,Uncategorized,https://www.americanafoods.com/wp-content/uploads/2024/06/New-Project-45-1-1.png,active
americana-product,Americana Product,Americana,Frozen > Meat,https://www.americanafoods.com/wp-content/uploads/2024/09/Beef-Burger.png,active
americana-product,Americana Product,Americana,Frozen > Meat,https://www.americanafoods.com/wp-content/uploads/2024/06/1-1.png,active
americana-product,Americana Product,Americana,Uncategorized,https://www.americanafoods.com/wp-content/uploads/2024/06/New-Project-32-1-2.png,active
americana-product,Americana Product,Americana,Frozen > Vegetables,https://www.americanafoods.com/wp-content/uploads/2024/06/New-Project-2024-06-05T125410.527-1.png,active
americana-product,Americana Product,Americana,Frozen > Meat,https://www.americanafoods.com/wp-content/uploads/2024/06/4001310623-JUMBO-Royal-Beef-Burger-1000g-10pcs-New-Poly-Bag-PB-Design-3D.png,active
americana-product,Americana Product,Americana,Uncategorized,https://www.americanafoods.com/wp-content/uploads/2024/06/3-1.png,active
americana-product,Americana Product,Americana,Frozen > Meat,https://www.americanafoods.com/wp-content/uploads/2024/06/New-Project-4-1.png,active
americana-product,Americana Product,Americana,Frozen > Meat,https://www.americanafoods.com/wp-content/uploads/2024/06/Zingz-Crunchy-Burger-Chicken-Fillet-to-make-slightly-smaller-2.png,active
americana-product,Americana Product,Americana,Frozen > Meat,https://www.americanafoods.com/wp-content/uploads/2024/06/Crunchy-chicken-breast-with-fries-to-make-slightly-biger.png,active
americana-product,Americana Product,Americana,Uncategorized,https://www.americanafoods.com/wp-content/uploads/2024/06/New-Project-56-1.png,active
americana-product,Americana Product,Americana,Frozen > Meat,https://www.americanafoods.com/wp-content/uploads/2024/06/New-Project-3-1.png,active
americana-product,Americana Product,Americana,Uncategorized,https://www.americanafoods.com/wp-content/uploads/2024/08/Fresh-Pound-Cake-Double-Chocolate-Chips-2.png,active
americana-product,Americana Product,Americana,Dairy > Cheese,https://www.americanafoods.com/wp-content/uploads/2024/06/Bunzz-Feta-Cheese.png,active
americana-product,Americana Product,Americana,Uncategorized,https://www.americanafoods.com/wp-content/uploads/2024/06/1191-CG-400g-White-Beans-make-smaller.png,active
americana-product,Americana Product,Americana,Uncategorized,https://www.americanafoods.com/wp-content/uploads/2024/08/Chocolate-Coated-Swill-Roll-12-pcs.png,active
americana-product,Americana Product,Americana,Frozen > Meat,https://www.americanafoods.com/wp-content/uploads/2024/06/Sofresh-Chicken_Avocado.png,active
americana-product,Americana Product,Americana,Uncategorized,https://www.americanafoods.com/wp-content/uploads/2024/06/Pasta-Salad-2-1.png,active
americana-product,Americana Product,Americana,Uncategorized,https://www.americanafoods.com/wp-content/uploads/2024/06/New-Project-21-1-2.png,active
americana-product,Americana Product,Americana,Uncategorized,https://www.americanafoods.com/wp-content/uploads/2024/06/CG-Tuna-Slices-Water-make-smaller.png,active
americana-product,Americana Product,Americana,Frozen > Meat,https://www.americanafoods.com/wp-content/uploads/2024/06/Zingz-Chicken-Strips-to-make-slightly-smaller.png,active
americana-product,Americana Product,Americana,Frozen > Meat,https://www.americanafoods.com/wp-content/uploads/2024/06/Pure-Beef-Mortadella.png,active
americana-product,Americana Product,Americana,Frozen > Meat,https://www.americanafoods.com/wp-content/uploads/2024/06/Chilli-Beef-Sausage-Hot-Spicy-Front.png,active
americana-product,Americana Product,Americana,Uncategorized,https://www.americanafoods.com/wp-content/uploads/2024/04/Americana-Bakery-Logo-Eng.png,active
americana-product,Americana Product,Americana,Uncategorized,https://www.americanafoods.com/wp-content/uploads/2024/06/Lion-Logo.png,active
americana-product,Americana Product,Americana,Uncategorized,https://www.americanafoods.com/wp-content/uploads/2024/04/Americana-Bakery-Logo-Eng-e1485414666201-1.png,active
americana-product,Americana Product,Americana,Uncategorized,https://www.americanafoods.com/wp-content/uploads/2024/04/Americana-Bakery-Logo-Eng-e1485414666201-3.png,active
americana-product,Americana Product,Americana,Uncategorized,https://www.americanafoods.com/wp-content/uploads/2024/04/Americana-Gourmet-Logo-Eng-1024x410-1.png,active
americana-product,Americana Product,Americana,Uncategorized,https://www.americanafoods.com/wp-content/uploads/2024/04/Americana-Bakery-Logo-Eng-e1485414666201-4.png,active
americana-product,Americana Product,Americana,Uncategorized,https://www.americanafoods.com/wp-content/uploads/2024/07/Star-Frites-logo.png,active
americana-product,Americana Product,Americana,Uncategorized,https://www.americanafoods.com/wp-content/uploads/2024/05/Arrow-4.png,active
americana-product,Americana Product,Americana,Uncategorized,https://www.americanafoods.com/wp-content/uploads/2024/06/Vector-1.png,active
americana-product,Americana Product,Americana,Uncategorized,https://www.americanafoods.com/wp-content/uploads/2024/08/High_Res-MAA-removebg-e1724400361664.png,active
americana-product,Americana Product,Americana,Uncategorized,https://www.americanafoods.com/wp-content/uploads/2024/09/High_Res-MAA-removebg-e1724400361664-1320x1356-1.png,active
americana-product,Americana Product,Americana,Uncategorized,https://www.americanafoods.com/wp-content/uploads/2024/08/Vijay_Krishnan_1-removebg.png,active
americana-product,Americana Product,Americana,Uncategorized,https://www.americanafoods.com/wp-content/uploads/2024/05/footertop.png,active
americana-product,Americana Product,Americana,Uncategorized,https://www.americanafoods.com/wp-content/uploads/2025/06/Acerta-FSSC-22000.png,active
