Name,Categories,Images,Brand,SKU
Juhayna Product,Dairy,https://www.juhayna.com/app/uploads/2026/01/Frame-214.png,Juhayna,bd21dfa0fb60
Juhayna Product,Dairy,https://www.juhayna.com/app/uploads/2025/10/Mask-group-8.webp,Juhayna,942f4051b3a6
Juhayna Product,Dairy,https://www.juhayna.com/app/uploads/2025/12/FOB-English-MV-scaled.jpeg,Juhayna,b5dd2e0c89dc
Juhayna Product,Dairy,https://www.juhayna.com/app/uploads/2025/11/EN-front-500g-20-1_11zon.webp,Juhayna,1a4b35cedc8e
Juhayna Product,Dairy,https://www.juhayna.com/app/uploads/2025/12/Screenshot-2025-12-01-at-4.37.06-PM-1-1-scaled.png,Juhayna,9f89462becdb
Juhayna Product,Dairy,https://www.juhayna.com/app/uploads/2025/11/06.-20x10-1.jpeg,Juhayna,8cd8b1fb2042
Juhayna Product,Dairy,https://www.juhayna.com/app/uploads/2025/12/juhayna-stirred12515-copy.jpg,Juhayna,7f8be27dae6d
Juhayna Product,Dairy,https://www.juhayna.com/app/uploads/2025/11/EN-front-500g-6-3_11zon.webp,Juhayna,717f574264a1
Juhayna Product,Dairy,https://www.juhayna.com/app/uploads/2025/11/1738682728_563_296198_archive.png,Juhayna,6ab2a7ea0a2d
Juhayna Product,Dairy,https://www.juhayna.com/app/uploads/2025/11/1676893348_664_6317057_b_hussein24214-scaled-1.jpg,Juhayna,8a66dfb83462
Juhayna Product,Dairy,https://www.juhayna.com/app/uploads/2025/11/1676893541_435_5648608_b_hussein24274-scaled-1.jpg,Juhayna,8275ea7cc8cc
Juhayna Product,Dairy,https://www.juhayna.com/app/uploads/2025/09/Vector-9.png,Juhayna,0ad0e80bcf63
Juhayna Product,Dairy,https://www.juhayna.com/app/uploads/2025/11/1719149568_662_276584_1581340658_334_992597_yough_master_2.png,Juhayna,37a551824ca2
Juhayna Product,Dairy,https://www.juhayna.com/app/uploads/2025/09/Vec1tor.png,Juhayna,a8414ee3c39e
Juhayna Product,Dairy,https://www.juhayna.com/app/uploads/2025/12/Acai-min-scaled.webp,Juhayna,e6365436e2c0
Juhayna Product,Dairy,https://www.juhayna.com/app/uploads/2025/09/Vector-10.png,Juhayna,98f3712fd1ce
Juhayna Product,Dairy,https://www.juhayna.com/app/uploads/2025/11/1725178690_197_385107_greek-1.png,Juhayna,13b9139d005f
Juhayna Product,Dairy,https://www.juhayna.com/app/uploads/2025/11/1676889813_670_15473013_5-scaled-1.jpg,Juhayna,1874f4058e97
Juhayna Product,Dairy,https://www.juhayna.com/app/uploads/2025/11/74b2f86344ed6a0bd647f566708f57eb56f813a0-1-scaled.jpg,Juhayna,0d77fb81e929
Juhayna Product,Dairy,https://www.juhayna.com/app/uploads/2025/12/Chocolate-less-sugar-mockup-En-min-scaled.webp,Juhayna,af9c98ea4a04
Juhayna Product,Dairy,https://www.juhayna.com/app/uploads/2025/11/fcc4debaacbcdb68d97dd3e973f4af99601cc013-1-scaled.jpg,Juhayna,6d0ed60ef309
Juhayna Product,Dairy,https://www.juhayna.com/app/uploads/2025/11/1676894100_343_4299948_b_hussein24624-1-scaled.jpg,Juhayna,0df4751fa705
Juhayna Product,Dairy,https://www.juhayna.com/app/uploads/2025/10/1676893196_189_11408201_b_hussein23924-scaled-1.jpg,Juhayna,a2cd82c037b6
Juhayna Product,Dairy,https://www.juhayna.com/app/uploads/2025/11/1676888977_674_18163236_11-scaled-1.jpg,Juhayna,64c4e5199dbb
Juhayna Product,Dairy,https://www.juhayna.com/app/uploads/2025/12/apple-3D-En-min-scaled.png,Juhayna,4ea47f25f513
Juhayna Product,Dairy,https://www.juhayna.com/app/uploads/2025/11/1720437786_960_259350_archive22.png,Juhayna,aca44b53330f
Juhayna Product,Dairy,https://www.juhayna.com/app/uploads/2025/09/Bekharo_11.png,Juhayna,ff9b064297d0
Juhayna Product,Dairy,https://www.juhayna.com/app/uploads/2025/11/1583765675_844_431779_bekheiro.png,Juhayna,5acb910dc015
Juhayna Product,Dairy > Yogurt,https://www.juhayna.com/app/uploads/2025/10/1719150408_903_31708_plain_en_2.png,Juhayna,2c3d8c208aac
Juhayna Product,Dairy > Yogurt,https://www.juhayna.com/app/uploads/2025/10/1719150325_671_30644_light_en_2.png,Juhayna,ce2e7dd3cc57
Juhayna Product,Dairy > Yogurt,https://www.juhayna.com/app/uploads/2025/10/1719411621_658_23789_4_1.png,Juhayna,fdb239b48bb6
Juhayna Product,Dairy > Yogurt,https://www.juhayna.com/app/uploads/2025/10/1719411595_633_22876_4_2.png,Juhayna,f21db7010152
Cheese,Dairy > Cheese,https://www.domty.org/uploads/products/397544_Domty-TP-Fetafront.png,Domty,4a10897d0b07
,Grocery > Bakery,https://onlinestorageaccountpro.blob.core.windows.net/abdproimages-blob/0001722_-_415.webp,El Abd,20a37999039e
,Grocery > Bakery,https://onlinestorageaccountpro.blob.core.windows.net/abdproimages-blob/0000357_-_415.png,El Abd,a779553f55f1
,Grocery > Bakery,https://onlinestorageaccountpro.blob.core.windows.net/abdproimages-blob/0000360_-_415.png,El Abd,efcfe8e55a95
,Grocery > Bakery,https://onlinestorageaccountpro.blob.core.windows.net/abdproimages-blob/0001410_-_415.png,El Abd,09183de06b34
,Grocery > Bakery,https://onlinestorageaccountpro.blob.core.windows.net/abdproimages-blob/0000737_-_415.png,El Abd,dd8fac3161d3
,Grocery > Bakery,https://onlinestorageaccountpro.blob.core.windows.net/abdproimages-blob/0000363_-_415.png,El Abd,9bc3f6bfe9bf
,Grocery > Bakery,https://onlinestorageaccountpro.blob.core.windows.net/abdproimages-blob/0001402_-_415.webp,El Abd,fef060e060dc
,Grocery > Bakery,https://onlinestorageaccountpro.blob.core.windows.net/abdproimages-blob/0000739_-_415.png,El Abd,85744b066c6f
,Grocery > Bakery,https://onlinestorageaccountpro.blob.core.windows.net/abdproimages-blob/0001721_-_415.webp,El Abd,c59aea1aa88e
,Grocery > Bakery,https://onlinestorageaccountpro.blob.core.windows.net/abdproimages-blob/0001720_-_415.webp,El Abd,3bffbd6e033a
,Grocery > Bakery,https://onlinestorageaccountpro.blob.core.windows.net/abdproimages-blob/0001941_-_415.webp,El Abd,ca792d7e2b90
,Grocery > Bakery,https://onlinestorageaccountpro.blob.core.windows.net/abdproimages-blob/0000351_-_415.png,El Abd,73bf2ef36491
,Grocery > Bakery,https://onlinestorageaccountpro.blob.core.windows.net/abdproimages-blob/0000565_-_415.png,El Abd,0a43374931f9
,Grocery > Bakery,https://onlinestorageaccountpro.blob.core.windows.net/abdproimages-blob/0000675_-_415.png,El Abd,6ddede9085fb
,Grocery > Bakery,https://onlinestorageaccountpro.blob.core.windows.net/abdproimages-blob/0000683_-_415.png,El Abd,1071d86c8187
,Grocery > Bakery,https://onlinestorageaccountpro.blob.core.windows.net/abdproimages-blob/0001944_-_415.webp,El Abd,442d870a84b5
,Grocery > Bakery,https://onlinestorageaccountpro.blob.core.windows.net/abdproimages-blob/0001943_-_415.webp,El Abd,36df11a863c5
,Grocery > Bakery,https://onlinestorageaccountpro.blob.core.windows.net/abdproimages-blob/0001942_-_415.webp,El Abd,e4c1412e3098
,Grocery > Bakery,https://onlinestorageaccountpro.blob.core.windows.net/abdproimages-blob/0001598_-_415.webp,El Abd,521a5e87f551
,Grocery > Bakery,https://onlinestorageaccountpro.blob.core.windows.net/abdproimages-blob/0001602_-_415.webp,El Abd,78c86613d82d
,Grocery > Bakery,https://onlinestorageaccountpro.blob.core.windows.net/abdproimages-blob/0001610_-_415.webp,El Abd,257372c3dd19
,Grocery > Bakery,https://onlinestorageaccountpro.blob.core.windows.net/abdproimages-blob/0001596_-_415.webp,El Abd,4f1213838c82
,Grocery > Bakery,https://onlinestorageaccountpro.blob.core.windows.net/abdproimages-blob/0001597_-_415.webp,El Abd,3def1986460f
,Grocery > Bakery,https://onlinestorageaccountpro.blob.core.windows.net/abdproimages-blob/0001600_-_415.webp,El Abd,f494599bfb52
,Grocery > Bakery,https://onlinestorageaccountpro.blob.core.windows.net/abdproimages-blob/0001601_-_415.webp,El Abd,cd4ccf93ae17
,Grocery > Bakery,https://onlinestorageaccountpro.blob.core.windows.net/abdproimages-blob/0001603_-_415.webp,El Abd,6df24cc6500f
,Grocery > Bakery,https://onlinestorageaccountpro.blob.core.windows.net/abdproimages-blob/0001605_-_415.webp,El Abd,11c0613eb356
,Grocery > Bakery,https://onlinestorageaccountpro.blob.core.windows.net/abdproimages-blob/0001607_-_415.webp,El Abd,e2c360841452
,Grocery > Bakery,https://onlinestorageaccountpro.blob.core.windows.net/abdproimages-blob/0001612_-_415.webp,El Abd,f45a664b45fc
,Grocery > Bakery,https://onlinestorageaccountpro.blob.core.windows.net/abdproimages-blob/0001666_-_415.webp,El Abd,0c09918a7973
Americana Product,Uncategorized,https://www.americanafoods.com/wp-content/uploads/2024/08/small-chocolate-updated-3.png,Americana,2b377c467d65
Americana Product,Uncategorized,https://www.americanafoods.com/wp-content/uploads/woocommerce-placeholder.png,Americana,788ae4e438eb
Americana Product,Uncategorized,https://www.americanafoods.com/wp-content/uploads/2024/06/New-Project-7-1-1.png,Americana,62e9f807bc6c
Americana Product,Uncategorized,https://www.americanafoods.com/wp-content/uploads/2024/06/New-Project-7-2.png,Americana,eb6f53d4eb6f
Americana Product,Uncategorized,https://www.americanafoods.com/wp-content/uploads/2024/06/New-Project-9.png,Americana,693ba81b316a
Americana Product,Uncategorized,https://www.americanafoods.com/wp-content/uploads/2024/06/New-Project-1-2.png,Americana,e0d94cec4506
Americana Product,Uncategorized,https://www.americanafoods.com/wp-content/uploads/2024/06/New-Project-4-1-1.png,Americana,b0e879bd97cc
Americana Product,Uncategorized,https://www.americanafoods.com/wp-content/uploads/2024/06/New-Project-5-1-1.png,Americana,1a5dcec75a12
Americana Product,Uncategorized,https://www.americanafoods.com/wp-content/uploads/2024/06/New-Project-2-1-1.png,Americana,d73ca9ad63ce
Americana Product,Uncategorized,https://www.americanafoods.com/wp-content/uploads/2024/06/New-Project-3-1-1.png,Americana,7287bd1789e8
Americana Product,Uncategorized,https://www.americanafoods.com/wp-content/uploads/2024/06/New-Project-12-1-1.png,Americana,df2006d4b45b
Americana Product,Uncategorized,https://www.americanafoods.com/wp-content/uploads/2024/06/New-Project-14-1-2.png,Americana,a92c7dfbf549
Americana Product,Uncategorized,https://www.americanafoods.com/wp-content/uploads/2024/06/New-Project-17.png,Americana,80fdf76e8a13
Americana Product,Uncategorized,https://www.americanafoods.com/wp-content/uploads/2024/06/New-Project-22-1-2.png,Americana,1bdf20ba5fdb
Americana Product,Uncategorized,https://www.americanafoods.com/wp-content/uploads/2024/06/New-Project-23-1-1.png,Americana,f02b5030522e
Americana Product,Uncategorized,https://www.americanafoods.com/wp-content/uploads/2024/06/New-Project-29-1-2.png,Americana,dc8e0ad082a9
Americana Product,Uncategorized,https://www.americanafoods.com/wp-content/uploads/2024/06/New-Project-36-1-2.png,Americana,1a09ae0b9f9f
Americana Product,Uncategorized,https://www.americanafoods.com/wp-content/uploads/2024/06/New-Project-40-1-2.png,Americana,bd8492b50af5
Americana Product,Uncategorized,https://www.americanafoods.com/wp-content/uploads/2024/06/New-Project-41-1-2.png,Americana,42caa567ff53
Americana Product,Uncategorized,https://www.americanafoods.com/wp-content/uploads/2024/06/New-Project-44-1-2.png,Americana,914f3b64bae8
Americana Product,Uncategorized,https://www.americanafoods.com/wp-content/uploads/2024/06/New-Project-46-1-1.png,Americana,079b2f0753b9
Americana Product,Uncategorized,https://www.americanafoods.com/wp-content/uploads/2024/06/New-Project-47-1-1.png,Americana,96ccb2eb01af
Americana Product,Uncategorized,https://www.americanafoods.com/wp-content/uploads/2024/08/Potato-Cubes.png,Americana,0ca73b6ef6c6
Americana Product,Uncategorized,https://www.americanafoods.com/wp-content/uploads/2024/08/Spoonful-Fries.png,Americana,4a1c64d624c5
Americana Product,Uncategorized,https://www.americanafoods.com/wp-content/uploads/2024/06/New-Project-2024-06-06T143121.535-1.png,Americana,e34429285ce5
Americana Product,Uncategorized,https://www.americanafoods.com/wp-content/uploads/2024/06/New-Project-2024-06-06T131252.138-1.png,Americana,7f865dc0509c
Americana Product,Uncategorized,https://www.americanafoods.com/wp-content/uploads/2024/06/New-Project-2024-06-06T161837.047-1.png,Americana,ccbd9ea22478
Americana Product,Uncategorized,https://www.americanafoods.com/wp-content/uploads/2024/06/New-Project-2024-06-06T164757.819-1.png,Americana,fff2b96664d2
Americana Product,Uncategorized,https://www.americanafoods.com/wp-content/uploads/2024/06/New-Project-2024-06-06T164911.607-1.png,Americana,9198a2a0f219
Americana Product,Uncategorized,https://www.americanafoods.com/wp-content/uploads/2024/06/New-Project-2024-06-05T153132.074-1-1.png,Americana,a142382ae7f0
Americana Product,Uncategorized,https://www.americanafoods.com/wp-content/uploads/2024/06/New-Project-2024-06-06T175140.871-1.png,Americana,c8909979910a
Americana Product,Uncategorized,https://www.americanafoods.com/wp-content/uploads/2024/08/Single-Swiss-Roll-Strawberry.png,Americana,c9ef576db5f3
Americana Product,Uncategorized,https://www.americanafoods.com/wp-content/uploads/2024/08/6-Pcs-Orange.png,Americana,b6143bc7bcae
Americana Product,Uncategorized,https://www.americanafoods.com/wp-content/uploads/2024/08/6-Pcs-Chocolate.png,Americana,689cc63a8fbf
Americana Product,Uncategorized,https://www.americanafoods.com/wp-content/uploads/2024/08/6-Pcs-Strawberry.png,Americana,35020e96ae3b
Americana Product,Uncategorized,https://www.americanafoods.com/wp-content/uploads/2024/08/small-Strawberry-updated.png,Americana,7c61fc29b14e
Americana Product,Uncategorized,https://www.americanafoods.com/wp-content/uploads/2024/08/small-Vanilla-updated.png,Americana,683403c9c9de
Americana Product,Uncategorized,https://www.americanafoods.com/wp-content/uploads/2024/08/Super-Roll-Orange.png,Americana,6234fbc87096
Americana Product,Uncategorized,https://www.americanafoods.com/wp-content/uploads/2024/08/Super-Roll-Strawberry.png,Americana,e647477d6f15
Americana Product,Uncategorized,https://www.americanafoods.com/wp-content/uploads/2024/08/Super-Roll-Vanilla.png,Americana,5cdd0bf213b6
Americana Product,Uncategorized,https://www.americanafoods.com/wp-content/uploads/2024/08/Large-Strawberry.png,Americana,80318b7b7f44
Americana Product,Uncategorized,https://www.americanafoods.com/wp-content/uploads/2024/08/Large-vanilla-updated.png,Americana,1f5c86a7ad26
Americana Product,Uncategorized,https://www.americanafoods.com/wp-content/uploads/2024/08/Single-Swiss-Roll-Chocolate-2.png,Americana,8b034ca02fe3
Americana Product,Uncategorized,https://www.americanafoods.com/wp-content/uploads/2024/08/Brownie-Classic-Chocolate-Wrapper.png,Americana,6d4034a7d72c
Americana Product,Uncategorized,https://www.americanafoods.com/wp-content/uploads/2024/08/Hazelnut-Coated-Swiss-Roll-12-pcs.png,Americana,1883fce39d9d
Americana Product,Uncategorized,https://www.americanafoods.com/wp-content/uploads/2024/08/Fresh-Pound-Cake-Almond-Cardamom.png,Americana,b79850f30c93
Americana Product,Uncategorized,https://www.americanafoods.com/wp-content/uploads/2024/08/IPG22-574-Americana-┘i-Super-Roll_Wrapper-Chocolate.png,Americana,3409fcd4e9a3
Americana Product,Uncategorized,https://www.americanafoods.com/wp-content/uploads/2024/08/Brownie-Classic-Chocolate-4-pcs-1.png,Americana,2d6498b4e44c
Americana Product,Uncategorized,https://www.americanafoods.com/wp-content/uploads/2024/08/Chocolate-Coated-Swiss-Roll-Packet.png,Americana,11df58b272f3
Americana Product,Uncategorized,https://www.americanafoods.com/wp-content/uploads/2024/08/Soft-Cookies-Chocolate-Brookie-Packet.png,Americana,e05c7eac9bfd
Americana Product,Uncategorized,https://www.americanafoods.com/wp-content/uploads/2024/08/Soft-Cookies-Hazelnut-Chocolate-Packet.png,Americana,c98e480619c5
Americana Product,Uncategorized,https://www.americanafoods.com/wp-content/uploads/2024/08/Choco-Cookies-Double-Chocolate-6-packets.png,Americana,be98fc5280de
Americana Product,Uncategorized,https://www.americanafoods.com/wp-content/uploads/2024/08/Choco-Cookies-Original-Tin.png,Americana,19c104824933
Americana Product,Uncategorized,https://www.americanafoods.com/wp-content/uploads/2024/08/Butter-cookies-Box-6-packets.png,Americana,7c5fc72d9e23
Americana Product,Frozen > Meat,https://www.americanafoods.com/wp-content/uploads/2024/06/2.png,Americana,96938532bff3
Americana Product,Uncategorized,https://www.americanafoods.com/wp-content/uploads/2024/08/IPG22-574-Americana-┘i-Super-Roll_Wrapper-Strawberry.png,Americana,bf231b9a4f29
Americana Product,Uncategorized,https://www.americanafoods.com/wp-content/uploads/2024/08/IPG22-574-Americana-┘i-Super-Roll_Wrapper-Vanilla.png,Americana,ef41c91d7939
Americana Product,Uncategorized,https://www.americanafoods.com/wp-content/uploads/2024/06/Pizza_Spicy-e1724656075519.png,Americana,8c200af39399
Americana Product,Uncategorized,https://www.americanafoods.com/wp-content/uploads/2024/06/Greek-Salad.png,Americana,bb2335e6495c
Americana Product,Uncategorized,https://www.americanafoods.com/wp-content/uploads/2024/06/Taboula.png,Americana,c029364021f6
Americana Product,Uncategorized,https://www.americanafoods.com/wp-content/uploads/2024/08/Butter-Cookies-Paper-Pack-1.png,Americana,c66480cf3180
Americana Product,Uncategorized,https://www.americanafoods.com/wp-content/uploads/2024/08/Choco-Cookies-Original-Mini.png,Americana,1e74019eadca
Americana Product,Uncategorized,https://www.americanafoods.com/wp-content/uploads/2024/08/Choco-Cookies-Double-Chocolate-Mini-1.png,Americana,69512499c855
Americana Product,Uncategorized,https://www.americanafoods.com/wp-content/uploads/2024/08/Choco-Cookies-Double-Chocolate-Packet-1.png,Americana,fe1f9ef375f6
Americana Product,Uncategorized,https://www.americanafoods.com/wp-content/uploads/2024/08/Choco-Cookies-Original.png,Americana,e0f1aa202e7e
Americana Product,Uncategorized,https://www.americanafoods.com/wp-content/uploads/2024/08/Choco-Cookies-Double-Chocolate-Chips-12-pcs-1.png,Americana,7e3825743794
Americana Product,Uncategorized,https://www.americanafoods.com/wp-content/uploads/2024/08/Choco-Cookies-Double-Chocolate-Chips-1.png,Americana,d5ee41e38b89
Americana Product,Uncategorized,https://www.americanafoods.com/wp-content/uploads/2024/08/MicrosoftTeams-image-26.png,Americana,e426897d220f
Americana Product,Uncategorized,https://www.americanafoods.com/wp-content/uploads/2024/08/Crunchy-Cookies-Oat-Chocolate-Chips.png,Americana,b24098669831
Americana Product,Uncategorized,https://www.americanafoods.com/wp-content/uploads/2024/08/Crunchy-Cookies-Oat-Cardamom-1.png,Americana,dbc1ca40398b
Americana Product,Dairy > Cheese,https://www.americanafoods.com/wp-content/uploads/2024/06/New-Project-2024-06-06T165614.581-1.png,Americana,c40759280c51
Americana Product,Uncategorized,https://www.americanafoods.com/wp-content/uploads/2024/06/New-Project-2024-06-06T175546.592-1.png,Americana,ffbaace01aab
Americana Product,Uncategorized,https://www.americanafoods.com/wp-content/uploads/2024/06/New-Project-2024-06-06T175353.551-1.png,Americana,ccaabf8885ac
Americana Product,Dairy > Cheese,https://www.americanafoods.com/wp-content/uploads/2024/06/New-Project-2024-06-06T165516.538-1.png,Americana,815c8880f0d3
Americana Product,Uncategorized,https://www.americanafoods.com/wp-content/uploads/2024/06/New-Project-2024-06-06T180144.747-1.png,Americana,ee9a2dae8f39
Americana Product,Frozen > Meat,https://www.americanafoods.com/wp-content/uploads/2024/06/New-Project-2024-06-06T180519.176-1.png,Americana,2ee36d70e7fa
Americana Product,Uncategorized,https://www.americanafoods.com/wp-content/uploads/2024/06/New-Project-2024-06-06T184138.754-1.png,Americana,8c2ed640b9b4
Americana Product,Uncategorized,https://www.americanafoods.com/wp-content/uploads/2024/06/New-Project-2024-06-05T154216.904-1.png,Americana,713aac0bbc9e
Americana Product,Uncategorized,https://www.americanafoods.com/wp-content/uploads/2024/06/New-Project-2024-06-05T154056.481-1.png,Americana,6878b94f8970
Americana Product,Dairy > Cheese,https://www.americanafoods.com/wp-content/uploads/2024/06/New-Project-2024-06-06T183755.230-1.png,Americana,ad38acd06337
Americana Product,Uncategorized,https://www.americanafoods.com/wp-content/uploads/2024/06/New-Project-2024-06-06T161038.108-1.png,Americana,ae3c5ab44eb2
Americana Product,Uncategorized,https://www.americanafoods.com/wp-content/uploads/2024/06/New-Project-2024-06-05T154401.272-1.png,Americana,52247c9a3a81
Americana Product,Uncategorized,https://www.americanafoods.com/wp-content/uploads/2024/06/New-Project-2024-06-06T183220.609-1.png,Americana,1110c2399acb
Americana Product,Uncategorized,https://www.americanafoods.com/wp-content/uploads/2024/06/New-Project-2024-06-06T182802.967-1.png,Americana,b994f679a77c
Americana Product,Frozen > Meat,https://www.americanafoods.com/wp-content/uploads/2024/06/New-Project-2024-06-06T182454.725-1.png,Americana,2347429d8db6
Americana Product,Uncategorized,https://www.americanafoods.com/wp-content/uploads/2024/06/New-Project-2024-06-06T182246.477-1.png,Americana,dbb20b03a891
Americana Product,Uncategorized,https://www.americanafoods.com/wp-content/uploads/2024/06/New-Project-2024-06-06T160038.763-1.png,Americana,7896bf5c2927
Americana Product,Dairy > Cheese,https://www.americanafoods.com/wp-content/uploads/2024/06/New-Project-2024-06-06T155757.873-1.png,Americana,3f15c7da4b49
Americana Product,Frozen > Meat,https://www.americanafoods.com/wp-content/uploads/2024/06/a8434627-ba18-4e31-a2bd-8ecc6f804e52.png,Americana,59c7220709cb
Americana Product,Uncategorized,https://www.americanafoods.com/wp-content/uploads/2024/08/361104-Americana-Oreintal-Spices-Kofta-500g-Pack-Design-F-3D.png,Americana,c12413a14379
Americana Product,Frozen > Meat,https://www.americanafoods.com/wp-content/uploads/2024/06/New-Project-62-1.png,Americana,a70d5a408f7f
Americana Product,Frozen > Meat,https://www.americanafoods.com/wp-content/uploads/2024/06/6281050113597-Front.png,Americana,3218790e95ec
Americana Product,Frozen > Meat,https://www.americanafoods.com/wp-content/uploads/2024/06/New-Project-69-1.png,Americana,adf323a44f3e
Americana Product,Uncategorized,https://www.americanafoods.com/wp-content/uploads/2024/08/Mutton-Shish-Kebab-Arabic-Spices-420g-3D.png,Americana,6b4124c40eaf
Americana Product,Uncategorized,https://www.americanafoods.com/wp-content/uploads/2024/06/New-Project-71-1.png,Americana,8f069cbb7679
Americana Product,Frozen > Meat,https://www.americanafoods.com/wp-content/uploads/2024/06/Beef-Shawerma-Original-2.png,Americana,85aaf3a8519d
Americana Product,Frozen > Meat,https://www.americanafoods.com/wp-content/uploads/2024/06/New-Project-66-1.png,Americana,106dda3e04e2
Americana Product,Frozen > Meat,https://www.americanafoods.com/wp-content/uploads/2024/06/New-Project-68-1.png,Americana,ea4bb50bbf6a
Americana Product,Frozen > Meat,https://www.americanafoods.com/wp-content/uploads/2024/06/New-Project-67-1.png,Americana,e2a48c6b9d16
Americana Product,Frozen > Meat,https://www.americanafoods.com/wp-content/uploads/2024/06/6281050114303-Front.png,Americana,425ace8b909c
Americana Product,Frozen > Meat,https://www.americanafoods.com/wp-content/uploads/2024/07/6281050114549-Front.png,Americana,a772d7e79b6c
Americana Product,Frozen > Meat,https://www.americanafoods.com/wp-content/uploads/2024/08/38.png,Americana,5cef5f1ff663
Americana Product,Frozen > Meat,https://www.americanafoods.com/wp-content/uploads/2024/08/28.png,Americana,e7651899aec0
Americana Product,Frozen > Meat,https://www.americanafoods.com/wp-content/uploads/2024/08/29.png,Americana,2c9d5e62c7f3
Americana Product,Uncategorized,https://www.americanafoods.com/wp-content/uploads/2024/08/40.png,Americana,d9ed806e2c8d
Americana Product,Uncategorized,https://www.americanafoods.com/wp-content/uploads/2024/08/41.png,Americana,bfd62d46be41
Americana Product,Dairy > Cheese,https://www.americanafoods.com/wp-content/uploads/2024/06/New-Project-26-1.png,Americana,41c96768538c
Americana Product,Uncategorized,https://www.americanafoods.com/wp-content/uploads/2024/08/Butter-Cookies-Packet-1.png,Americana,b25fc66acfa1
Americana Product,Uncategorized,https://www.americanafoods.com/wp-content/uploads/2024/06/Ceaser.png,Americana,bc7d57d9dfa5
Americana Product,Frozen > Vegetables,https://www.americanafoods.com/wp-content/uploads/2024/06/New-Project-2024-06-06T160410.706-1.png,Americana,e1649f91c12a
Americana Product,Frozen > Meat,https://www.americanafoods.com/wp-content/uploads/2024/09/Crunchy-Chicken-Pane-with-Fries.png,Americana,01d731855ab9
Americana Product,Frozen > Meat,https://www.americanafoods.com/wp-content/uploads/2024/09/Crunchy-Jumbo-Chicken-Thighs-with-Fries.png,Americana,c1d446148182
Americana Product,Uncategorized,https://www.americanafoods.com/wp-content/uploads/2024/06/35.png,Americana,717c94912c76
Americana Product,Frozen > Meat,https://www.americanafoods.com/wp-content/uploads/2024/06/New-Project-47-1.png,Americana,53e98a87a159
Americana Product,Uncategorized,https://www.americanafoods.com/wp-content/uploads/2024/06/New-Project-59-1.png,Americana,3c579db988d5
Americana Product,Uncategorized,https://www.americanafoods.com/wp-content/uploads/2024/06/New-Project-55-1.png,Americana,61ecf5eecaea
Americana Product,Frozen > Meat,https://www.americanafoods.com/wp-content/uploads/2024/06/New-Project-51-1.png,Americana,4287e69639cb
Americana Product,Frozen > Meat,https://www.americanafoods.com/wp-content/uploads/2024/06/New-Project-52-1.png,Americana,d5276b0f031f
Americana Product,Uncategorized,https://www.americanafoods.com/wp-content/uploads/2024/06/New-Project-13-1.png,Americana,f367bbc5e4c9
Americana Product,Uncategorized,https://www.americanafoods.com/wp-content/uploads/2024/06/New-Project-74-1.png,Americana,90de471cc5d4
Americana Product,Frozen > Meat,https://www.americanafoods.com/wp-content/uploads/2024/06/4-2.png,Americana,4241d269b66b
Americana Product,Uncategorized,https://www.americanafoods.com/wp-content/uploads/2024/06/Ahlawy-Capitano-Plain-1.png,Americana,dc8c69867f96
Americana Product,Uncategorized,https://www.americanafoods.com/wp-content/uploads/2024/06/New-Project-2024-06-06T175757.365-1.png,Americana,e06f46cc5e70
Americana Product,Uncategorized,https://www.americanafoods.com/wp-content/uploads/2024/06/1191-CG-450g-Peeled-Fava-Beans-Secret-Recipe-C.png,Americana,dbeec54b8f59
Americana Product,Uncategorized,https://www.americanafoods.com/wp-content/uploads/2024/06/1191-CG-450g-Peeled-Saudi.png,Americana,02dd30964463
Americana Product,Uncategorized,https://www.americanafoods.com/wp-content/uploads/2024/06/1191-CG-450g-Peeled-Lebanese.png,Americana,ad88e56218cf
Americana Product,Uncategorized,https://www.americanafoods.com/wp-content/uploads/2024/06/1191-CG-450g-Peeled-Fava-Beans-Chili-A.png,Americana,93fee21bb867
Americana Product,Uncategorized,https://www.americanafoods.com/wp-content/uploads/2024/06/1191-CG-450g-Peeled-Fava-Salsa-and-Onion.png,Americana,e58a7877e22f
Americana Product,Uncategorized,https://www.americanafoods.com/wp-content/uploads/2024/06/1191-CG-450g-Peeled-Egyptian-A.png,Americana,e3b1787bc0cc
Americana Product,Uncategorized,https://www.americanafoods.com/wp-content/uploads/2024/06/1191-CG-450g-Saudi.png,Americana,1dc6a4f5a7e2
Americana Product,Uncategorized,https://www.americanafoods.com/wp-content/uploads/2024/06/1191-CG-450g-Egyptian.png,Americana,cb29dc298e15
Americana Product,Uncategorized,https://www.americanafoods.com/wp-content/uploads/2024/06/1191-CG-400g-Red-Kidney-Beans.png,Americana,2d44466516e9
Americana Product,Uncategorized,https://www.americanafoods.com/wp-content/uploads/2024/06/1191-CG-420g-Baked-Beans.png,Americana,9fc5722a8d53
Americana Product,Uncategorized,https://www.americanafoods.com/wp-content/uploads/2024/06/CG-Baked-Beans-Tabasco-400g-en.png,Americana,7f1506da1554
Americana Product,Uncategorized,https://www.americanafoods.com/wp-content/uploads/2024/06/1191-CG-420g-Hommos-Tahina.png,Americana,dbc650ca3b66
Americana Product,Uncategorized,https://www.americanafoods.com/wp-content/uploads/2024/06/Mazraa-Baked-Beans-400g-en.png,Americana,009fe923e70d
Americana Product,Uncategorized,https://www.americanafoods.com/wp-content/uploads/2024/06/Mazraa-Red-Kidney-en.png,Americana,379a1daac9a4
Americana Product,Uncategorized,https://www.americanafoods.com/wp-content/uploads/2024/06/Mazraa-White-Beans-en.png,Americana,414526a86179
Americana Product,Frozen > Vegetables,https://www.americanafoods.com/wp-content/uploads/2024/06/1191-CG-420g-Green-Peas.png,Americana,4b51bf2724ee
Americana Product,Uncategorized,https://www.americanafoods.com/wp-content/uploads/2024/06/Stuffed-Vine-Leaves-2kg-Special-offer-1.png,Americana,9e4046064f4b
Americana Product,Frozen > Vegetables,https://www.americanafoods.com/wp-content/uploads/2024/06/Mazraa-Processed-Peas-en.png,Americana,15da43e73096
Americana Product,Uncategorized,https://www.americanafoods.com/wp-content/uploads/2024/06/1191-CG-450g-Bajela-1.png,Americana,a1d8bc9e8664
Americana Product,Uncategorized,https://www.americanafoods.com/wp-content/uploads/2024/06/CG-Diced-Beets-EN-1.png,Americana,b54e5deee29a
Americana Product,Uncategorized,https://www.americanafoods.com/wp-content/uploads/2024/06/Corn.png,Americana,edeb98446e8b
Americana Product,Uncategorized,https://www.americanafoods.com/wp-content/uploads/2024/06/Quinoa_Salad.png,Americana,00505ae17f3f
Americana Product,Uncategorized,https://www.americanafoods.com/wp-content/uploads/2024/06/Large_Croissant_Plain.png,Americana,82cdd0b43a2c
Americana Product,Uncategorized,https://www.americanafoods.com/wp-content/uploads/2024/06/Large_Croissant_Chocolate.png,Americana,fc8cdbfd833b
Americana Product,Uncategorized,https://www.americanafoods.com/wp-content/uploads/2024/06/Large_Croissant_Honey.png,Americana,a1e7be07c88c
Americana Product,Uncategorized,https://www.americanafoods.com/wp-content/uploads/2024/06/Pizza_Normal-e1724656252140.png,Americana,9e19b2144207
Americana Product,Frozen > Meat,https://www.americanafoods.com/wp-content/uploads/2024/06/Twisterzz-Mini-Chicken-Strips-to-make-slightly-smaller.png,Americana,528e42bedca3
Americana Product,Frozen > Meat,https://www.americanafoods.com/wp-content/uploads/2024/06/Air-Fryer-Chicken-Nuggets-to-make-slightly-bigger.png,Americana,734b2cfa3e49
Americana Product,Frozen > Meat,https://www.americanafoods.com/wp-content/uploads/2024/06/New-Project-75-1.png,Americana,258797b1afbf
Americana Product,Frozen > Meat,https://www.americanafoods.com/wp-content/uploads/2024/06/Twisterzz-Chicken-Nuggets-to-make-slightly-smaller.png,Americana,3d5b11a7e381
Americana Product,Dairy > Cheese,https://www.americanafoods.com/wp-content/uploads/2024/06/New-Project-2024-06-06T155456.259-1.png,Americana,93c7237aad4f
Americana Product,Uncategorized,https://www.americanafoods.com/wp-content/uploads/2024/06/New-Project-2024-06-06T155909.118-1.png,Americana,99f27a352cef
Americana Product,Uncategorized,https://www.americanafoods.com/wp-content/uploads/2024/06/New-Project-2024-06-06T160737.067-1.png,Americana,6e6da076c197
Americana Product,Uncategorized,https://www.americanafoods.com/wp-content/uploads/2024/06/New-Project-2024-06-06T160606.100-1.png,Americana,d4ffb9d0ef61
Americana Product,Uncategorized,https://www.americanafoods.com/wp-content/uploads/2024/06/New-Project-2024-06-05T154607.049-1.png,Americana,0193f599df47
Americana Product,Frozen > Meat,https://www.americanafoods.com/wp-content/uploads/2024/06/New-Project-2024-06-06T160917.723-1.png,Americana,e5f58e7f6e54
Americana Product,Frozen > Meat,https://www.americanafoods.com/wp-content/uploads/2024/06/New-Project-2024-06-06T154109.616-1.png,Americana,37e5873d6056
Americana Product,Dairy > Cheese,https://www.americanafoods.com/wp-content/uploads/2024/06/New-Project-2024-06-06T152925.698-1.png,Americana,0e6a69f9bcd4
Americana Product,Uncategorized,https://www.americanafoods.com/wp-content/uploads/2024/06/New-Project-2024-06-06T154742.688-1.png,Americana,20a1f266fbd4
Americana Product,Uncategorized,https://www.americanafoods.com/wp-content/uploads/2024/06/Ahlawy-Biscuit.png,Americana,4cfd47bf4d2e
Americana Product,Uncategorized,https://www.americanafoods.com/wp-content/uploads/2024/06/New-Project-2024-06-06T162412.507-1.png,Americana,51eea90121a2
Americana Product,Uncategorized,https://www.americanafoods.com/wp-content/uploads/2024/06/New-Project-2024-06-06T162228.027-1.png,Americana,34ef26c27820
Americana Product,Uncategorized,https://www.americanafoods.com/wp-content/uploads/2024/06/New-Project-2024-06-06T162607.874-1.png,Americana,1e85643cff9b
Americana Product,Uncategorized,https://www.americanafoods.com/wp-content/uploads/2024/06/New-Project-2024-06-06T162022.884-1.png,Americana,a21b0c39b5e6
Americana Product,Uncategorized,https://www.americanafoods.com/wp-content/uploads/2024/06/New-Project-2024-06-06T161648.910-1.png,Americana,2786d620fda9
Americana Product,Uncategorized,https://www.americanafoods.com/wp-content/uploads/2024/06/Wafer-Ahlawy-Vanilla-1.png,Americana,f508f87ccb58
Americana Product,Uncategorized,https://www.americanafoods.com/wp-content/uploads/2024/06/New-Project-2024-06-06T175933.981-1.png,Americana,c17d375bfc0a
Americana Product,Dairy > Cheese,https://www.americanafoods.com/wp-content/uploads/2024/06/New-Project-2024-06-06T165740.704-1.png,Americana,b93297e71013
Americana Product,Uncategorized,https://www.americanafoods.com/wp-content/uploads/2024/06/New-Project-2024-06-06T183511.101-1.png,Americana,ecefeea7d69b
Americana Product,Frozen > Vegetables,https://www.americanafoods.com/wp-content/uploads/2024/06/New-Project-2024-06-05T131735.755-1.png,Americana,4460561a3bbe
Americana Product,Frozen > Vegetables,https://www.americanafoods.com/wp-content/uploads/2024/06/New-Project-2024-06-05T124833.959-1.png,Americana,ee28b623f795
Americana Product,Frozen > Vegetables,https://www.americanafoods.com/wp-content/uploads/2024/06/New-Project-2024-06-05T125135.968-1.png,Americana,c0118b995229
Americana Product,Uncategorized,https://www.americanafoods.com/wp-content/uploads/2024/06/New-Project-2024-06-05T155918.039-1.png,Americana,404ccd074aaa
Americana Product,Uncategorized,https://www.americanafoods.com/wp-content/uploads/2024/06/New-Project-2024-06-05T141710.896-1.png,Americana,7ec5f3673f27
Americana Product,Uncategorized,https://www.americanafoods.com/wp-content/uploads/2024/06/Vine-Leaves.png,Americana,caf6920a540c
Americana Product,Frozen > Vegetables,https://www.americanafoods.com/wp-content/uploads/2024/06/New-Project-2024-06-05T134438.630-1.png,Americana,213e6fad484a
Americana Product,Uncategorized,https://www.americanafoods.com/wp-content/uploads/2024/06/New-Project-2024-06-05T160127.029-1.png,Americana,c571905fac25
Americana Product,Uncategorized,https://www.americanafoods.com/wp-content/uploads/2024/06/New-Project-2024-06-05T153834.075-1.png,Americana,5ef2165a53d7
Americana Product,Uncategorized,https://www.americanafoods.com/wp-content/uploads/2024/06/Strawberries-400gm-make-bigger-2.png,Americana,2d7fd53128ce
Americana Product,Uncategorized,https://www.americanafoods.com/wp-content/uploads/2024/06/New-Project-2024-06-06T130542.052-1.png,Americana,674b97650f37
Americana Product,Uncategorized,https://www.americanafoods.com/wp-content/uploads/2024/08/Butter-Cookies-Big-Tin-Red-1.png,Americana,a06da9d41f85
Americana Product,Uncategorized,https://www.americanafoods.com/wp-content/uploads/2024/08/Choco-Cookies-Original-12-pcs-2.png,Americana,51e28dd020cb
Americana Product,Uncategorized,https://www.americanafoods.com/wp-content/uploads/2024/08/Choco-Cookies-Original-6-packets.png,Americana,216031af03d5
Americana Product,Uncategorized,https://www.americanafoods.com/wp-content/uploads/2024/08/Choco-Cookies-Doube-Chocolate-Tin.png,Americana,6f3834e42578
Americana Product,Uncategorized,https://www.americanafoods.com/wp-content/uploads/2024/08/MicrosoftTeams-image-28.png,Americana,3703454ea0ac
Americana Product,Uncategorized,https://www.americanafoods.com/wp-content/uploads/2024/06/Halloumi-Cheese_3D-B.png,Americana,438f53533ec5
Americana Product,Uncategorized,https://www.americanafoods.com/wp-content/uploads/2024/06/Turkey-with-Creamy-Cheese.png,Americana,7cac4944cc11
Americana Product,Uncategorized,https://www.americanafoods.com/wp-content/uploads/2024/08/Cup-Cake-24Pcs-Chocolate.png,Americana,8f291f3ff992
Americana Product,Uncategorized,https://www.americanafoods.com/wp-content/uploads/2024/08/Pound-Cake-Double-Chocolate-Chips-e1724407491719.png,Americana,13bebb94aec1
Americana Product,Uncategorized,https://www.americanafoods.com/wp-content/uploads/2024/08/Signel-roll-wrapper.png,Americana,e94b50206dd6
Americana Product,Uncategorized,https://www.americanafoods.com/wp-content/uploads/2024/08/Signel-roll-wrapper-Strawberry.png,Americana,2b4e50f5f4ab
Americana Product,Uncategorized,https://www.americanafoods.com/wp-content/uploads/2024/08/Single-rolls-Strawberry.png,Americana,89194482f159
Americana Product,Uncategorized,https://www.americanafoods.com/wp-content/uploads/2024/08/Single-rolls-Chocolate-1.png,Americana,3ecc4fc506c0
Americana Product,Uncategorized,https://www.americanafoods.com/wp-content/uploads/2024/08/IPG22-574-Americana-┘i-Super-Roll_Wrapper-Orange-1.png,Americana,10616f04d193
Americana Product,Uncategorized,https://www.americanafoods.com/wp-content/uploads/2024/08/Super-Roll-Chocolate-1.png,Americana,81fca7df30c1
Americana Product,Dairy > Cheese,https://www.americanafoods.com/wp-content/uploads/2024/06/Bunzz-Oregano.png,Americana,d8adda29e1b6
Americana Product,Dairy > Cheese,https://www.americanafoods.com/wp-content/uploads/2024/06/Bunzz-olive.png,Americana,90828396b8dd
Americana Product,Dairy > Cheese,https://www.americanafoods.com/wp-content/uploads/2024/06/Large_Croissant_Feta-1.png,Americana,3fe5630dd267
Americana Product,Uncategorized,https://www.americanafoods.com/wp-content/uploads/2024/06/3D_Outer_LargeCroissant_Plain.png,Americana,4726725fd25c
Americana Product,Uncategorized,https://www.americanafoods.com/wp-content/uploads/2024/06/3D_Outer_LargeCroissant_Strawberry.png,Americana,2cdef82ecc00
Americana Product,Uncategorized,https://www.americanafoods.com/wp-content/uploads/2024/06/3D_Outer_LargeCroissant_Oregano.png,Americana,cac29f6bf391
Americana Product,Dairy > Cheese,https://www.americanafoods.com/wp-content/uploads/2024/06/3D_Outer_LargeCroissant_Feta.png,Americana,54aeca6ed707
Americana Product,Uncategorized,https://www.americanafoods.com/wp-content/uploads/2024/06/3D_Outer_LargeCroissant_Honey.png,Americana,b04eec057c80
Americana Product,Uncategorized,https://www.americanafoods.com/wp-content/uploads/2024/06/Large_Pie_Pizza-make-smaller.png,Americana,d35c429b885f
Americana Product,Uncategorized,https://www.americanafoods.com/wp-content/uploads/2024/06/Large_Pie_PizzaJalapeno-make-smaller.png,Americana,6bb956e2984b
Americana Product,Frozen > Meat,https://www.americanafoods.com/wp-content/uploads/2024/06/Meat-Ball-MCP-1-e1734069279465.png,Americana,742c6ab36e51
Americana Product,Frozen > Meat,https://www.americanafoods.com/wp-content/uploads/2024/06/Butter-Chickenlpng-1-e1734069432815.png,Americana,1cf70e39a73d
Americana Product,Frozen > Meat,https://www.americanafoods.com/wp-content/uploads/2024/06/Chicken_Mayonnaise_w_Hot.png,Americana,72f7b7b89d5d
Americana Product,Frozen > Meat,https://www.americanafoods.com/wp-content/uploads/2024/06/Chicken_Tikka_W-3d.png,Americana,017a0ff4ed90
Americana Product,Uncategorized,https://www.americanafoods.com/wp-content/uploads/2024/06/FetaTomato_3DB.png,Americana,3fe42d45bd0c
Americana Product,Frozen > Vegetables,https://www.americanafoods.com/wp-content/uploads/2024/06/Sofresh-Grilled-Veggie.png,Americana,5aa5900c3e93
Americana Product,Frozen > Meat,https://www.americanafoods.com/wp-content/uploads/2024/06/Chicken_Mayonnaise_3DB.png,Americana,c67ef6c8b560
Americana Product,Frozen > Meat,https://www.americanafoods.com/wp-content/uploads/2024/06/Chicken_Tikka_B-3d.png,Americana,2e4630d4b8e0
Americana Product,Dairy > Cheese,https://www.americanafoods.com/wp-content/uploads/2024/06/MoradellaChees3D-W.png,Americana,0bd4a65a2a3d
Americana Product,Dairy > Cheese,https://www.americanafoods.com/wp-content/uploads/2024/06/MoradellaChees3D-B.png,Americana,8c90b64ef9d0
Americana Product,Uncategorized,https://www.americanafoods.com/wp-content/uploads/2024/06/Tuna.png,Americana,a4ee9066136d
Americana Product,Uncategorized,https://www.americanafoods.com/wp-content/uploads/2024/06/Smokedturkey_W-3D.png,Americana,7176f922762e
Americana Product,Uncategorized,https://www.americanafoods.com/wp-content/uploads/2024/06/Large_Pie_FetaOregano-make-smaller.png,Americana,332dbeddcd6f
Americana Product,Frozen > Meat,https://www.americanafoods.com/wp-content/uploads/2024/06/Heroz-Tempura-Chicken-Nuggets-to-make-slightly-smaller.png,Americana,60bb98e5f580
Americana Product,Frozen > Meat,https://www.americanafoods.com/wp-content/uploads/2024/06/Crunchy-Nuggets-with-Fries-to-make-slightly-bigger.png,Americana,349cf300e25f
Americana Product,Frozen > Meat,https://www.americanafoods.com/wp-content/uploads/2024/06/Koki-Happy-Chicken-Nuggets-to-make-slightly-bigger.png,Americana,a44413f2a10d
Americana Product,Frozen > Meat,https://www.americanafoods.com/wp-content/uploads/2024/09/Chicken-Cheese-Nuggets.png,Americana,5832d32d96cd
Americana Product,Frozen > Meat,https://www.americanafoods.com/wp-content/uploads/2024/06/Broasted-Chicken-Wings-Original-Front.png,Americana,5917743df9b0
Americana Product,Frozen > Meat,https://www.americanafoods.com/wp-content/uploads/2024/06/Broasted-Chicken-Wings-Hot-Crunchy-Front.png,Americana,36c6c2777ee8
Americana Product,Dairy > Cheese,https://www.americanafoods.com/wp-content/uploads/2024/06/New-Project-41-1.png,Americana,d5798502c460
Americana Product,Frozen > Meat,https://www.americanafoods.com/wp-content/uploads/2024/06/00000-Americana-Xtreme-Lemon-Zest-Chunky-Chicken-600g-Bag-Design-F-3D.png,Americana,ce38a8aa9f17
Americana Product,Frozen > Meat,https://www.americanafoods.com/wp-content/uploads/2024/06/New-Project-39-1.png,Americana,d1496e85e440
Americana Product,Dairy > Cheese,https://www.americanafoods.com/wp-content/uploads/2024/06/New-Project-32-1.png,Americana,6bd73ea69d12
Americana Product,Frozen > Meat,https://www.americanafoods.com/wp-content/uploads/2024/06/Twisterzz-Chicken-Popcorn-to-make-slightly-smaller-2.png,Americana,3e02222b8c0d
Americana Product,Frozen > Meat,https://www.americanafoods.com/wp-content/uploads/2024/06/New-Project-33-1.png,Americana,029044c458de
Americana Product,Frozen > Meat,https://www.americanafoods.com/wp-content/uploads/2024/06/6281050114846-Front.png,Americana,e080a19af0b6
Americana Product,Frozen > Meat,https://www.americanafoods.com/wp-content/uploads/2024/06/Zingz-Chicken-Fillet-to-make-slightly-smaller-1.png,Americana,4e21370d615d
Americana Product,Dairy > Cheese,https://www.americanafoods.com/wp-content/uploads/2024/06/Xtreme-Chicken-Fillet-hot-to-make-slightly-smaller-1.png,Americana,739e78ea9f82
Americana Product,Frozen > Meat,https://www.americanafoods.com/wp-content/uploads/2024/09/Chicken-Escalope-Pane-Hot-Crunchy-Front.png,Americana,1ae13e69601d
Americana Product,Uncategorized,https://www.americanafoods.com/wp-content/uploads/2024/06/Broasted-Chicken-Drum-Sticks-Original-Front.png,Americana,3bb8cd8e4637
Americana Product,Frozen > Meat,https://www.americanafoods.com/wp-content/uploads/2024/09/Crunchy-Chicken-Meal-with-Fries.png,Americana,0f78c60f51a5
Americana Product,Uncategorized,https://www.americanafoods.com/wp-content/uploads/2024/06/Crunchy-Chicken-Drumsticks.png,Americana,0fbc8be8dde6
Americana Product,Uncategorized,https://www.americanafoods.com/wp-content/uploads/2024/06/New-Project-57-1.png,Americana,1477fa358b25
Americana Product,Frozen > Meat,https://www.americanafoods.com/wp-content/uploads/2024/09/Jumbo-Burger.png,Americana,f14273be5097
Americana Product,Frozen > Meat,https://www.americanafoods.com/wp-content/uploads/2024/06/New-Project-78-1.png,Americana,ccefac4c3172
Americana Product,Frozen > Meat,https://www.americanafoods.com/wp-content/uploads/2024/06/New-Project-60-1.png,Americana,7de193da3ea7
Americana Product,Frozen > Meat,https://www.americanafoods.com/wp-content/uploads/2024/06/New-Project-44-1.png,Americana,30398b83e38f
Americana Product,Uncategorized,https://www.americanafoods.com/wp-content/uploads/2024/09/39.png,Americana,0f57df7f8dd1
Americana Product,Uncategorized,https://www.americanafoods.com/wp-content/uploads/2024/08/33.png,Americana,ec706254fa7e
Americana Product,Uncategorized,https://www.americanafoods.com/wp-content/uploads/2024/06/Breaded-shrimps-to-make-slightly-smaller-1.png,Americana,5b81c81fec14
Americana Product,Uncategorized,https://www.americanafoods.com/wp-content/uploads/2024/06/Zingz-breaded-shrimps-to-make-slightly-smaller.png,Americana,36802cbeccdd
Americana Product,Uncategorized,https://www.americanafoods.com/wp-content/uploads/2024/06/Cooking-shrimps-to-make-slightly-smaller-1.png,Americana,d04b44751f89
Americana Product,Uncategorized,https://www.americanafoods.com/wp-content/uploads/2024/06/New-Project-58-1-1.png,Americana,055f44d7a1b0
Americana Product,Uncategorized,https://www.americanafoods.com/wp-content/uploads/2024/06/Tail-off-shrimps-large-make-slightly-smaller-1.png,Americana,8bc64de6bc5c
Americana Product,Uncategorized,https://www.americanafoods.com/wp-content/uploads/2024/06/Tail-on-shrimps-medium-to-make-slightly-smaller-1.png,Americana,619596ceeb18
Americana Product,Uncategorized,https://www.americanafoods.com/wp-content/uploads/2024/06/Tail-on-shrimps-large-to-make-slightly-smaller.png,Americana,86ec19da31b8
Americana Product,Uncategorized,https://www.americanafoods.com/wp-content/uploads/2024/06/Tail-on-shrimps-jumbo-to-make-slightly-smaller-1.png,Americana,cc3e7ba11235
Americana Product,Frozen > Meat,https://www.americanafoods.com/wp-content/uploads/2024/06/Chicken-Sheesh-Kabab-Arabic-Spice-front.png,Americana,97c53bfb2d30
Americana Product,Frozen > Meat,https://www.americanafoods.com/wp-content/uploads/2024/06/Beef-Sheesh-Kabab-to-make-smaller-3.png,Americana,17b71bd7f619
Americana Product,Frozen > Meat,https://www.americanafoods.com/wp-content/uploads/2024/06/Americana-Bakery-Beef-Hawawshi-New-Pack-Design-Sam-F-CS4-New-Logo-3D-e1730975816788.png,Americana,70359439901c
Americana Product,Frozen > Meat,https://www.americanafoods.com/wp-content/uploads/2024/06/6281050113467-Front-1.png,Americana,0717225fe617
Americana Product,Frozen > Meat,https://www.americanafoods.com/wp-content/uploads/2024/06/New-Project-20-1.png,Americana,0916e24c8e0c
Americana Product,Frozen > Meat,https://www.americanafoods.com/wp-content/uploads/2024/06/Beef-Mortadella-with-Black-Pepper-Front.png,Americana,e80102f68255
Americana Product,Uncategorized,https://www.americanafoods.com/wp-content/uploads/2024/06/New-Project-11-1.png,Americana,d69aa8a65664
Americana Product,Uncategorized,https://www.americanafoods.com/wp-content/uploads/2024/06/1191-CG-450g-Peeled-Fava-Hommos-Olive-Oil.png,Americana,0b53a0458137
Americana Product,Uncategorized,https://www.americanafoods.com/wp-content/uploads/2024/06/1191-CG-450g-Lebanese.png,Americana,e2bd67847cb1
Americana Product,Uncategorized,https://www.americanafoods.com/wp-content/uploads/2024/06/1191-CG-450-Mashed-Egyptian.png,Americana,4694f50c40b8
Americana Product,Uncategorized,https://www.americanafoods.com/wp-content/uploads/2024/06/1191-CG-450-Mashed-Salsa.png,Americana,44b72aac971f
Americana Product,Uncategorized,https://www.americanafoods.com/wp-content/uploads/2024/06/AMC-Broad-Beans-en-3.png,Americana,8e262cf7cdb0
Americana Product,Uncategorized,https://www.americanafoods.com/wp-content/uploads/2024/06/AMC-Peeled-Fava-Beans-Chili-EN-make-slightly-smaller.png,Americana,42758b179e4e
Americana Product,Uncategorized,https://www.americanafoods.com/wp-content/uploads/2024/06/AMC-Fava-Beans-Chili-EN-make-slightly-smaller.png,Americana,7446c35e4e73
Americana Product,Uncategorized,https://www.americanafoods.com/wp-content/uploads/2024/06/AMC-Fava-Beans-Iskandarany-Tahina-EN-make-slightly-smaller.png,Americana,57d58c9501e2
Americana Product,Uncategorized,https://www.americanafoods.com/wp-content/uploads/2024/06/1191-CG-450g-Sweet-Corn.png,Americana,726b3d453c22
Americana Product,Uncategorized,https://www.americanafoods.com/wp-content/uploads/2024/06/AMC-Sweet-Corn-EN-make-smaller.png,Americana,0276bd3b13da
Americana Product,Uncategorized,https://www.americanafoods.com/wp-content/uploads/2024/06/AMC-Red-Kidney-Beans-EN-make-smaller.png,Americana,67304d45e61b
Americana Product,Frozen > Vegetables,https://www.americanafoods.com/wp-content/uploads/2024/06/AMC-Chickpeas-EN-make-slightly-smaller.png,Americana,edce291240dc
Americana Product,Frozen > Vegetables,https://www.americanafoods.com/wp-content/uploads/2024/06/Mazraa-Chickpeas-en-make-smaller.png,Americana,292c6c85f698
Americana Product,Uncategorized,https://www.americanafoods.com/wp-content/uploads/2024/06/CG-Mushroom-Pieces-make-smaller.png,Americana,2cd2f687a206
Americana Product,Uncategorized,https://www.americanafoods.com/wp-content/uploads/2024/06/CG-Mushroom-Whole-make-smaller.png,Americana,f64f9789a72a
Americana Product,Uncategorized,https://www.americanafoods.com/wp-content/uploads/2024/06/REFERENCE-SIZE-FOR-CAN-425g.png,Americana,6df071a886b1
Americana Product,Frozen > Vegetables,https://www.americanafoods.com/wp-content/uploads/2024/06/AMC-Processed-Peas-EN-make-smaller-1.png,Americana,1f9225e26620
Americana Product,Uncategorized,https://www.americanafoods.com/wp-content/uploads/2024/06/AMC-Mushroom-Pieces-and-Stem-425g-EN-make-slightly-smaller.png,Americana,b4bf45737fd3
Americana Product,Uncategorized,https://www.americanafoods.com/wp-content/uploads/2024/06/789-AMC-Tomate-Paste-2.2kg-3D-A-make-a-bit-smaller-1.png,Americana,001ce631f360
Americana Product,Uncategorized,https://www.americanafoods.com/wp-content/uploads/2024/06/AMC-Peeled-Tomatoes-2.5kg-3D-A-make-a-bit-smaller.png,Americana,e2c8b0b836eb
Americana Product,Uncategorized,https://www.americanafoods.com/wp-content/uploads/2024/06/CG-Peach-Halves-make-smaller.png,Americana,a858d2191906
Americana Product,Uncategorized,https://www.americanafoods.com/wp-content/uploads/2024/06/CG-Fruit-Cocktail-in-Syrup-make-smaller.png,Americana,934537905406
Americana Product,Uncategorized,https://www.americanafoods.com/wp-content/uploads/2024/06/CG-Sardine-Hot-Tomato-Sauce-make-smaller.png,Americana,4368e378e09d
Americana Product,Uncategorized,https://www.americanafoods.com/wp-content/uploads/2024/06/CG-Sardine-Tomato-Sauce-make-smaller.png,Americana,499a9b7215ee
Americana Product,Uncategorized,https://www.americanafoods.com/wp-content/uploads/2024/06/CG-Sardine-Brine-make-smaller.png,Americana,cd67d065f8d3
Americana Product,Uncategorized,https://www.americanafoods.com/wp-content/uploads/2024/06/CG-Smoked-Tuna-Slices-Sunflower-Oil-make-smaller-1.png,Americana,6320b203beae
Americana Product,Uncategorized,https://www.americanafoods.com/wp-content/uploads/2024/06/CG-Tuna-Slices-Sunflower-Oil-Make-smaller.png,Americana,a4a99190fd42
Americana Product,Uncategorized,https://www.americanafoods.com/wp-content/uploads/2024/06/CG-Tuna-Slices-Black-Pepper-and-Lemon-make-smaller.png,Americana,47ed2393134d
Americana Product,Uncategorized,https://www.americanafoods.com/wp-content/uploads/2024/06/Zingz-Broasted-Chicken-Drum-Sticks-to-make-slightly-smaller-1.png,Americana,b68e6d234256
Americana Product,Uncategorized,https://www.americanafoods.com/wp-content/uploads/2024/06/New-Project-12-1.png,Americana,aba8987e1ea4
Americana Product,Frozen > Meat,https://www.americanafoods.com/wp-content/uploads/2024/06/6281050826756-Front.png,Americana,b04d881e99aa
Americana Product,Frozen > Meat,https://www.americanafoods.com/wp-content/uploads/2024/06/6281050826688-Front.png,Americana,5022673f170b
Americana Product,Frozen > Meat,https://www.americanafoods.com/wp-content/uploads/2024/06/New-Project-61-1.png,Americana,0e7a0d0ad0ed
Americana Product,Dairy > Cheese,https://www.americanafoods.com/wp-content/uploads/2024/06/6281050115713-Front.png,Americana,92685e760c38
Americana Product,Frozen > Meat,https://www.americanafoods.com/wp-content/uploads/2024/06/4001371539-Royal-Hot-Chicken-Strips-750g-New-Family-Bag-Design-X-3D.png,Americana,4fb23e532b46
Americana Product,Frozen > Meat,https://www.americanafoods.com/wp-content/uploads/2024/06/4001370279-Royal-Chicken-Mosahab-750g-New-Family-Bag-Design-X-3D.png,Americana,c8b1ccdefdb4
Americana Product,Frozen > Meat,https://www.americanafoods.com/wp-content/uploads/2024/06/4001370156-Royal-Breaded-Chicken-Burger-670g-12pcs-New-Bag-Design-3D.png,Americana,75167f57ae52
Americana Product,Frozen > Meat,https://www.americanafoods.com/wp-content/uploads/2024/06/4001972045-Royal-JUMBO-Breaded-Chicken-Burger-1000g-20pcs-New-Poly-Bag-PB-Design-X-F.png,Americana,ae37b70fbd68
Americana Product,Frozen > Meat,https://www.americanafoods.com/wp-content/uploads/2024/06/4001972101-Americana-ZaikaZing-Asian-Range-Chicken-Fillet-700g-Bag-Design-3D-e1731564856574.png,Americana,6b99f933e94c
Americana Product,Frozen > Meat,https://www.americanafoods.com/wp-content/uploads/2024/09/6.png,Americana,ce40fc0ead2a
Americana Product,Uncategorized,https://www.americanafoods.com/wp-content/uploads/2024/06/Salmon-fish-fillet-to-make-slightly-smaller.png,Americana,d416b859d730
Americana Product,Frozen > Meat,https://www.americanafoods.com/wp-content/uploads/2024/06/70ca919a-86dc-413a-a1f4-1c9818e2f076.png,Americana,5f7a3cea458d
Americana Product,Uncategorized,https://www.americanafoods.com/wp-content/uploads/2024/12/French-Fries-1-KG.png,Americana,a73c88ff242e
Americana Product,Uncategorized,https://www.americanafoods.com/wp-content/uploads/2024/08/Sweet-Potato-Fries1.png,Americana,8dd2a83c507e
Americana Product,Uncategorized,https://www.americanafoods.com/wp-content/uploads/2024/08/Wedges-500g-1.png,Americana,3c6b87e21b13
Americana Product,Uncategorized,https://www.americanafoods.com/wp-content/uploads/2025/01/One-bar-CHoco13.png,Americana,873eda173a46
Americana Product,Uncategorized,https://www.americanafoods.com/wp-content/uploads/2024/06/New-Project-2024-06-06T163954.036-1.png,Americana,ca30ed99d7ea
Americana Product,Uncategorized,https://www.americanafoods.com/wp-content/uploads/2025/01/One-bar-Vanilla92-1.png,Americana,deaa4cccdc72
Americana Product,Uncategorized,https://www.americanafoods.com/wp-content/uploads/2025/01/Coated-3P-Chocolate.png,Americana,393e6b78a378
Americana Product,Frozen > Meat,https://www.americanafoods.com/wp-content/uploads/2024/06/New-Project-29-1.png,Americana,579ee8a0add1
Americana Product,Uncategorized,https://www.americanafoods.com/wp-content/uploads/2025/01/ONE-BAR-MIXED-BERRIERS48.png,Americana,a8e9165dab1b
Americana Product,Dairy > Cheese,https://www.americanafoods.com/wp-content/uploads/2025/03/Rings-Cheese.png,Americana,726a53588fbc
Americana Product,Uncategorized,https://www.americanafoods.com/wp-content/uploads/2025/03/Twisted-Lime.png,Americana,5ddce45c38d7
Americana Product,Dairy > Cheese,https://www.americanafoods.com/wp-content/uploads/2025/03/Chicka-Creamy-Cheese.png,Americana,f15915c25c3e
Americana Product,Uncategorized,https://www.americanafoods.com/wp-content/uploads/2025/03/Red-Hot-Pepper-Puffcorn.png,Americana,136e852d0b7c
Americana Product,Uncategorized,https://www.americanafoods.com/wp-content/uploads/2025/03/Red-Chili-Deluxe.png,Americana,ffb0ae1f7322
Americana Product,Uncategorized,https://www.americanafoods.com/wp-content/uploads/2025/03/Quattro-Formaggi.png,Americana,6d32481a47b1
Americana Product,Uncategorized,https://www.americanafoods.com/wp-content/uploads/2025/01/Pack-Mockup-copy-02.png,Americana,073f552a99d8
Americana Product,Dairy > Cheese,https://www.americanafoods.com/wp-content/uploads/2025/03/Zigz-Spicy-Cheese.png,Americana,4764b016affd
Americana Product,Uncategorized,https://www.americanafoods.com/wp-content/uploads/2025/03/Zigz-Chili-Lemon.png,Americana,0fba178e2688
Americana Product,Uncategorized,https://www.americanafoods.com/wp-content/uploads/2025/03/Tomato-Zigz.png,Americana,1133d75ed93d
Americana Product,Dairy > Cheese,https://www.americanafoods.com/wp-content/uploads/2025/03/Sunchips-Four-Cheese.png,Americana,132b54d8e391
Americana Product,Uncategorized,https://www.americanafoods.com/wp-content/uploads/2025/03/Chicka-Sweet-Corn.png,Americana,912a9ad69409
Americana Product,Uncategorized,https://www.americanafoods.com/wp-content/uploads/2025/01/Coated-3P-Vanilla.png,Americana,2631e2224d08
Americana Product,Uncategorized,https://www.americanafoods.com/wp-content/uploads/2025/01/Dueto-STAR-Choco.png,Americana,173938e17b40
Americana Product,Uncategorized,https://www.americanafoods.com/wp-content/uploads/2025/01/Dueto-STAR-Vanilla.png,Americana,8f64081d574e
Americana Product,Uncategorized,https://www.americanafoods.com/wp-content/uploads/2025/03/Zigs-Spices.png,Americana,f4890f8fb5a0
Americana Product,Uncategorized,https://www.americanafoods.com/wp-content/uploads/2024/08/Break-Rings-Sweet-Paprika.png,Americana,6997ad9ced26
Americana Product,Uncategorized,https://www.americanafoods.com/wp-content/uploads/2025/03/Chipotle-Puffs.png,Americana,ae8bee275797
Americana Product,Uncategorized,https://www.americanafoods.com/wp-content/uploads/2024/08/Americana-Cupcake-Chocolate-1-Piece-25g-Wrapper-3D-1-1.png,Americana,eac4e8d32437
Americana Product,Uncategorized,https://www.americanafoods.com/wp-content/uploads/2024/08/Americana-Cupcake-Vanilla-1-Piece-25g-Wrapper-3D.-1-1.png,Americana,117bf7ba96e7
Americana Product,Uncategorized,https://www.americanafoods.com/wp-content/uploads/2024/08/AMC-2-pcs-Cupcake-chocolate-1.png,Americana,ca84eb2fe3ac
Americana Product,Uncategorized,https://www.americanafoods.com/wp-content/uploads/2024/08/3040421755-Cupcake-Chocolate-1-Piece-4x18x25g-Display-Box-Design-3D.png,Americana,c71c17de857f
Americana Product,Uncategorized,https://www.americanafoods.com/wp-content/uploads/2025/04/Americana_Cup-Cake-Discounter-pack-10Pcs-Vanilla.png,Americana,ce57946c6518
Americana Product,Uncategorized,https://www.americanafoods.com/wp-content/uploads/2025/04/Americana_Cup-Cake-Discounter-pack-10Pcs-Chocolate.png,Americana,144b7e9ade59
Americana Product,Uncategorized,https://www.americanafoods.com/wp-content/uploads/2025/04/3040430748-Americana-Chocolate-Coated-Strawberry-Cake-Bar-35g-Wrapper-3D-1.png,Americana,36db77048c0d
Americana Product,Uncategorized,https://www.americanafoods.com/wp-content/uploads/2024/08/3040430746-Americana-Chocolate-Coated-Vanilla-Cake-Bar-35g-Wrapper-3D-1.png,Americana,cce331ad5bde
Americana Product,Uncategorized,https://www.americanafoods.com/wp-content/uploads/2025/04/3040430747-Americana-Chocolate-Coated-Chocolate-Cake-Bar-35g-Wrapper-3D-1.png,Americana,ea5ef5dbb50b
Americana Product,Uncategorized,https://www.americanafoods.com/wp-content/uploads/2024/08/3040430746-Americana-Chocolate-Coated-Vanilla-Cake-Bar-12x35g-Display-Box-3D.png,Americana,b51c6ee5d754
Americana Product,Uncategorized,https://www.americanafoods.com/wp-content/uploads/2025/04/3040430777-Americana-Uncoated-Cake-Bar-Strawberry-Cream-12x20gm-Display-Box-3D.png,Americana,1019c61acf33
Americana Product,Uncategorized,https://www.americanafoods.com/wp-content/uploads/2025/04/3040430774-Americana-Uncoated-Cake-Bar-Vanilla-Cream-12x20gm-Display-Box-3D.png,Americana,2d0b7c8dc1bd
Americana Product,Uncategorized,https://www.americanafoods.com/wp-content/uploads/2025/04/3040430775-Americana-Uncoated-Cake-Bar-Chocolate-Cream-12x20gm-Display-Box-3D.png,Americana,99aa806c7f9e
Americana Product,Uncategorized,https://www.americanafoods.com/wp-content/uploads/2025/04/Cake-Bar-10Pcs-Strawberry-3D.png,Americana,b05ca076cc52
Americana Product,Uncategorized,https://www.americanafoods.com/wp-content/uploads/2024/08/3040430774-Americana-Uncoated-Cake-Bar-Vanilla-Cream-20gm-Wrapper-3D-1.png,Americana,50f320eeab39
Americana Product,Uncategorized,https://www.americanafoods.com/wp-content/uploads/2025/04/3040430775-Americana-Uncoated-Cake-Bar-Chocolate-Cream-20gm-Wrapper-3D-1.png,Americana,f4b602987699
Americana Product,Uncategorized,https://www.americanafoods.com/wp-content/uploads/2025/04/Cake-Bar-10Pcs-Vanilla-3D.png,Americana,44a53138ea5c
Americana Product,Uncategorized,https://www.americanafoods.com/wp-content/uploads/2025/04/Cake-Bar-10Pcs-Chocolate-3D.png,Americana,4bbca2164811
Americana Product,Uncategorized,https://www.americanafoods.com/wp-content/uploads/2024/08/3040430748-Americana-Chocolate-Coated-Strawberry-Cake-Bar-12x35g-Display-Box-3D.png,Americana,1699473c2e0e
Americana Product,Uncategorized,https://www.americanafoods.com/wp-content/uploads/2024/08/3040421150-Americana-Pound-Cake-Vanilla-1x220g-Display-Box-3D.png,Americana,d2706b5acc20
Americana Product,Uncategorized,https://www.americanafoods.com/wp-content/uploads/2025/04/3040421776-Americana-Cupcake-Strawberry-Filled-1-Piece-28g-Wrapper-3D-1-1.png,Americana,258c7ecbd8fe
Americana Product,Uncategorized,https://www.americanafoods.com/wp-content/uploads/2025/04/Americana-Vanilla-Slice-Cake-Wrapper.png,Americana,26aceee4cbcd
Americana Product,Uncategorized,https://www.americanafoods.com/wp-content/uploads/2025/04/Americana-Fruit-Slice-Cake-Wrapper.png,Americana,9f2a4a55db89
Americana Product,Uncategorized,https://www.americanafoods.com/wp-content/uploads/2025/04/3351-AMC-Kunafa-Bar-Box-5pcs-A.png,Americana,8ce5debb42ec
Americana Product,Uncategorized,https://www.americanafoods.com/wp-content/uploads/2025/04/3351-AMC-Kunafa-Bar-Box-10pcs-A.png,Americana,dc098c7febb1
Americana Product,Uncategorized,https://www.americanafoods.com/wp-content/uploads/2025/04/3040430749-AMC-Kunafa-Bar-Wrapper-35g-1.png,Americana,9831512992b4
Americana Product,Uncategorized,https://www.americanafoods.com/wp-content/uploads/2024/08/3040411341-Americana-Uncoated-Swiss-Roll-Vanilla-Filled-with-Vanilla-Cream-20g-Wrapper-3D-1.png,Americana,ea11f91afe43
Americana Product,Uncategorized,https://www.americanafoods.com/wp-content/uploads/2024/08/3040411342-Americana-Uncoated-Swiss-Roll-Chocolate-Filled-with-Vanilla-Cream-20g-3D-1.png,Americana,4aa8d7354fbd
Americana Product,Uncategorized,https://www.americanafoods.com/wp-content/uploads/2024/08/3040411341-Americana-Uncoated-Swiss-Roll-Vanilla-Filled-with-Vanilla-Cream-12x20g-Display-Box-3D.png,Americana,a8b24f920005
Americana Product,Uncategorized,https://www.americanafoods.com/wp-content/uploads/2024/08/3040411342-Americana-Uncoated-Swiss-Roll-Chocolate-Filled-with-Vanilla-Cream-12x20g-Display-Box-3D.png,Americana,2b0ac76b6b47
Americana Product,Frozen > Meat,https://www.americanafoods.com/wp-content/uploads/2024/06/Chicken-Fillet-to-make-slightly-smaller.png,Americana,56ba0076a8d6
Americana Product,Frozen > Meat,https://www.americanafoods.com/wp-content/uploads/2024/06/New-Project-38-1.png,Americana,0e14e9e2bb5a
Americana Product,Uncategorized,https://www.americanafoods.com/wp-content/uploads/2024/06/CG-Tuna-Mockups_Fancy-Tuna-SFO-Chili-17.png,Americana,2254a81aeb1e
Americana Product,Frozen > Vegetables,https://www.americanafoods.com/wp-content/uploads/2024/06/CG-Tuna-Mockups_Light-Meat-Tuna-SFO-Chili-47.png,Americana,2a4c47ad58e3
Americana Product,Uncategorized,https://www.americanafoods.com/wp-content/uploads/2024/06/CG-Tuna-Mockups_Light-Meat-Tuna-Veg-Oil-49.png,Americana,a03dee807732
Americana Product,Uncategorized,https://www.americanafoods.com/wp-content/uploads/2024/06/CG-Tuna-Mockups_Light-Meat-Tuna-Water-41.png,Americana,44c6a67b393b
Americana Product,Frozen > Vegetables,https://www.americanafoods.com/wp-content/uploads/2024/06/CG-Tuna-Mockups_Skipjack-Tuna-Water-SFO-Chili-37.png,Americana,238f490c165f
Americana Product,Uncategorized,https://www.americanafoods.com/wp-content/uploads/2024/06/CG-Tuna-Mockups_Skipjack-Tuna-Water-Olive-Oil-34.png,Americana,dcd452ebd012
Americana Product,Uncategorized,https://www.americanafoods.com/wp-content/uploads/2024/06/CG-Tuna-Mockups_Skipjack-Tuna-Water-Veg-Oil-39.png,Americana,59212d2dc057
Americana Product,Uncategorized,https://www.americanafoods.com/wp-content/uploads/2025/04/CG-Tuna-Mockups_Skipjack-Tuna-Water-31.png,Americana,eee29c54b93b
Americana Product,Uncategorized,https://www.americanafoods.com/wp-content/uploads/2025/04/CG-Tuna-Mockups_Tuna-Chunks-Olive-Oil-03.png,Americana,0ba36cac43c9
Americana Product,Uncategorized,https://www.americanafoods.com/wp-content/uploads/2025/04/CG-Tuna-Mockups_Tuna-Chunks-SFO-Chili-07.png,Americana,2e487df627be
Americana Product,Uncategorized,https://www.americanafoods.com/wp-content/uploads/2025/04/CG-Tuna-Mockups_Tuna-Sandwiches-Olive-Oil-23.png,Americana,ba9d2376cd19
Americana Product,Uncategorized,https://www.americanafoods.com/wp-content/uploads/2025/04/CG-Tuna-Mockups_Tuna-Sandwiches-SFO-25.png,Americana,62179dd607ef
Americana Product,Uncategorized,https://www.americanafoods.com/wp-content/uploads/2025/04/CG-Tuna-Mockups_Tuna-Sandwiches-SFO-Chili.png,Americana,78cf48b5f55f
Americana Product,Frozen > Vegetables,https://www.americanafoods.com/wp-content/uploads/2024/06/CG-Tuna-Mockups_Tuna-Sandwiches-SFO-Veg-Oil-29.png,Americana,bc988369f43e
Americana Product,Uncategorized,https://www.americanafoods.com/wp-content/uploads/2025/04/CG-Tuna-Mockups_Tuna-Sandwiches-Water-21.png,Americana,22c6342ade8e
Americana Product,Frozen > Meat,https://www.americanafoods.com/wp-content/uploads/2024/06/AMC-Fancy-Tuna-Family-Pack160g-r4-3D-09.png,Americana,35dd78e693ad
Americana Product,Uncategorized,https://www.americanafoods.com/wp-content/uploads/2024/06/AMC-Fancy-Tuna-Family-Pack160g-r4-3D-03.png,Americana,9d3b6ffd28d5
Americana Product,Frozen > Vegetables,https://www.americanafoods.com/wp-content/uploads/2024/06/AMC-Light-Tuna-Solid-in-Family-Pack-160g-r4-3d-01.png,Americana,236a444ccb6a
Americana Product,Frozen > Vegetables,https://www.americanafoods.com/wp-content/uploads/2024/06/AMC-Light-Tuna-Solid-in-Family-Pack-160g-r4-3d-07.png,Americana,1daef9bae544
Americana Product,Frozen > Meat,https://www.americanafoods.com/wp-content/uploads/2025/04/AMC-Light-Tuna-Solid-in-Family-Pack-160g-r4-3d-05.png,Americana,94ec9908452e
Americana Product,Frozen > Meat,https://www.americanafoods.com/wp-content/uploads/2025/04/AMC-Light-Tuna-Solid-in-Family-Pack-160g-r4-3d-09.png,Americana,f7545a1c174b
Americana Product,Frozen > Vegetables,https://www.americanafoods.com/wp-content/uploads/2025/04/AMC-Light-Tuna-Solid-in-Family-Pack-160g-r4-3d-03.png,Americana,2487841bab03
Americana Product,Uncategorized,https://www.americanafoods.com/wp-content/uploads/2025/04/AMC-Tuna-Chunks-Family-Pack160g-r4-3d-10.png,Americana,d098c701fa3d
Americana Product,Uncategorized,https://www.americanafoods.com/wp-content/uploads/2025/04/AMC-Tuna-Chunks-Family-Pack160g-r4-3d-07.png,Americana,cd89b043b7ce
Americana Product,Uncategorized,https://www.americanafoods.com/wp-content/uploads/2024/06/AMC-Tuna-Chunks-Family-Pack160g-r4-3d-05.png,Americana,69d036762ed6
Americana Product,Frozen > Vegetables,https://www.americanafoods.com/wp-content/uploads/2025/04/AMC-Tuna-Chunks-Family-Pack160g-r4-3d-03.png,Americana,de6fa196a234
Americana Product,Uncategorized,https://www.americanafoods.com/wp-content/uploads/2025/04/AMC-Tuna-Chunks-Family-Pack160g-r4-3d-01.png,Americana,db2ae560ade8
Americana Product,Uncategorized,https://www.americanafoods.com/wp-content/uploads/2025/04/AMC-Tuna-Sandwich-Family-Pack160g-r4-3D-09.png,Americana,e8f07a1d9e4b
Americana Product,Uncategorized,https://www.americanafoods.com/wp-content/uploads/2025/04/AMC-Tuna-Sandwich-Family-Pack160g-r4-3D-07.png,Americana,2af6151cbfa7
Americana Product,Uncategorized,https://www.americanafoods.com/wp-content/uploads/2025/04/AMC-Tuna-Sandwich-Family-Pack160g-r4-3D-05.png,Americana,c529838f3d68
Americana Product,Frozen > Vegetables,https://www.americanafoods.com/wp-content/uploads/2025/04/AMC-Tuna-Sandwich-Family-Pack160g-r4-3D-03.png,Americana,34342ae64f43
Americana Product,Uncategorized,https://www.americanafoods.com/wp-content/uploads/2025/04/CG-Tuna-Mockups_Tuna-Sandwiches-Water-21-1.png,Americana,c3ed8f4dfe6f
Americana Product,Uncategorized,https://www.americanafoods.com/wp-content/uploads/2024/06/CG-Tuna-Mockups_Fancy-Tuna-SFO-15.png,Americana,4f936565c9a1
Americana Product,Uncategorized,https://www.americanafoods.com/wp-content/uploads/2024/06/CG-Tuna-Mockups_Light-Meat-Tuna-SFO-45.png,Americana,54358a7cc4a1
Americana Product,Uncategorized,https://www.americanafoods.com/wp-content/uploads/2025/04/CG-Tuna-Mockups_Tuna-Chunks-SFO-05.png,Americana,54d61f7b5389
Americana Product,Frozen > Vegetables,https://www.americanafoods.com/wp-content/uploads/2024/06/CG-Tuna-Mockups_Tuna-Chunks-Veg-Oil-09.png,Americana,219cdee6c772
Americana Product,Uncategorized,https://www.americanafoods.com/wp-content/uploads/2025/04/CG-Tuna-Mockups_Tuna-Chunks-Water-01-1.png,Americana,a812337457a5
Americana Product,Frozen > Vegetables,https://www.americanafoods.com/wp-content/uploads/2024/06/AMC-Fancy-Tuna-Family-Pack160g-r4-3D-05.png,Americana,f5147391c34a
Americana Product,Uncategorized,https://www.americanafoods.com/wp-content/uploads/2024/06/New-Project-2024-06-06T162812.151-1.png,Americana,40bd003e9971
Americana Product,Uncategorized,https://www.americanafoods.com/wp-content/uploads/2024/06/New-Project-2024-06-06T154500.268-1.png,Americana,8241a2f7e46d
Americana Product,Uncategorized,https://www.americanafoods.com/wp-content/uploads/2024/08/Americana-Peanut-Butter-Cookies-100g.png,Americana,dad9cca09f89
Americana Product,Uncategorized,https://www.americanafoods.com/wp-content/uploads/2024/06/AMC-Mushroom-Whole-425g-EN-make-smaller.png,Americana,030e08fc0ced
Americana Product,Uncategorized,https://www.americanafoods.com/wp-content/uploads/2024/06/1191-CG-450g-Kuwait.png,Americana,f060b0d9bc7d
Americana Product,Uncategorized,https://www.americanafoods.com/wp-content/uploads/2024/08/Choco-Cookies-Original-Packet.png,Americana,a0605a56ac8f
Americana Product,Uncategorized,https://www.americanafoods.com/wp-content/uploads/2024/06/New-Project-25-1-2.png,Americana,033f91c70ccf
Americana Product,Dairy > Cheese,https://www.americanafoods.com/wp-content/uploads/2024/06/Americana-Bakery-Cheese-with-Zaatar-Arayes-New-Pack-Design-Sam-F-CS4-3D-e1730976060395.png,Americana,3cda094335d8
Americana Product,Uncategorized,https://www.americanafoods.com/wp-content/uploads/2024/06/New-Project-2024-06-06T163244.989-1.png,Americana,2726abb23568
Americana Product,Uncategorized,https://www.americanafoods.com/wp-content/uploads/2024/08/3040421153-Americana-Pound-Cake-Marble-1x220g-Display-Box-3D.png,Americana,1ff54c636ef8
Americana Product,Uncategorized,https://www.americanafoods.com/wp-content/uploads/2024/06/New-Project-42-1-2.png,Americana,4d4d5945b517
Americana Product,Frozen > Meat,https://www.americanafoods.com/wp-content/uploads/2024/06/4001370841-Royal-Chicken-Fillet-750g-New-Family-Bag-Design-X-3D.png,Americana,396ba4fa4183
Americana Product,Uncategorized,https://www.americanafoods.com/wp-content/uploads/2024/06/AMC-Baked-Beans-400g-EN-make-slightly-smaller.png,Americana,7610633612a2
Americana Product,Uncategorized,https://www.americanafoods.com/wp-content/uploads/2024/06/CG-Tuna-Mockups_Fancy-Tuna-Olive-Oil-13.png,Americana,1081bcdc58e6
Americana Product,Uncategorized,https://www.americanafoods.com/wp-content/uploads/2024/06/New-Project-24-1-1.png,Americana,2e74c6b1effd
Americana Product,Uncategorized,https://www.americanafoods.com/wp-content/uploads/2024/06/CG-Tuna-Mockups_Light-Meat-Tuna-Olive-Oil-43.png,Americana,4ce6709a9c7b
Americana Product,Frozen > Vegetables,https://www.americanafoods.com/wp-content/uploads/2024/06/New-Project-2024-06-06T155122.848-1.png,Americana,0e66b0d44c52
Americana Product,Uncategorized,https://www.americanafoods.com/wp-content/uploads/2024/06/New-Project-15-1-2.png,Americana,9fb0fa72dd61
Americana Product,Uncategorized,https://www.americanafoods.com/wp-content/uploads/2024/08/Cup-Cake-24Pcs-Vanilla.png,Americana,2e55303a4acf
Americana Product,Uncategorized,https://www.americanafoods.com/wp-content/uploads/2025/03/BBQ-sunchips.png,Americana,f140d1ae5163
Americana Product,Uncategorized,https://www.americanafoods.com/wp-content/uploads/2024/06/51303436-Americana-Craves-Premium-Wood-Smoked-Beef-Strips-200g-Paper-Pouch-Design-F.png,Americana,d6965fa54a13
Americana Product,Frozen > Meat,https://www.americanafoods.com/wp-content/uploads/2024/06/New-Project-2024-06-06T165921.868-1.png,Americana,9a2a277226bc
Americana Product,Uncategorized,https://www.americanafoods.com/wp-content/uploads/2024/06/New-Project-20-1-2.png,Americana,69e1b01915a6
Americana Product,Uncategorized,https://www.americanafoods.com/wp-content/uploads/2024/08/Crunchy-Cookies-Oat-Cinnamon.png,Americana,c89db737abb9
Americana Product,Uncategorized,https://www.americanafoods.com/wp-content/uploads/2024/06/New-Project-10-1-1.png,Americana,8e1c1f62df20
Americana Product,Frozen > Meat,https://www.americanafoods.com/wp-content/uploads/2024/06/4001370280-Royal-Hot-Chicken-Mosahab-750g-New-Family-Bag-Design-X-3D.png,Americana,6ef0bc328e54
Americana Product,Frozen > Vegetables,https://www.americanafoods.com/wp-content/uploads/2024/06/CG-Tuna-Mockups_Fancy-Tuna-SFO-Veg-Oil-19.png,Americana,3c18378bc250
Americana Product,Uncategorized,https://www.americanafoods.com/wp-content/uploads/2024/08/3040430777-Americana-Uncoated-Cake-Bar-Strawberry-Cream-20gm-Wrapper-3D-1.png,Americana,db77a0667a27
Americana Product,Uncategorized,https://www.americanafoods.com/wp-content/uploads/2024/06/AMC-Fancy-Tuna-Family-Pack160g-r4-3D-07.png,Americana,180c336e80b7
Americana Product,Uncategorized,https://www.americanafoods.com/wp-content/uploads/2024/06/CG-Baked-Beans-Chargrill-400g-en.png,Americana,22d2f183b62b
Americana Product,Uncategorized,https://www.americanafoods.com/wp-content/uploads/2024/06/Seafood-Salad-make-smaller.png,Americana,fd26f28f9edc
Americana Product,Uncategorized,https://www.americanafoods.com/wp-content/uploads/2024/06/New-Project-2024-06-05T152932.736-1.png,Americana,0da9977462da
Americana Product,Uncategorized,https://www.americanafoods.com/wp-content/uploads/2024/06/Large_Croissant_Oregano.png,Americana,68e618680576
Americana Product,Frozen > Meat,https://www.americanafoods.com/wp-content/uploads/2024/06/4001370266-Royal-Chicken-Nuggets-750g-New-Family-Bag-Design-X-3D.png,Americana,1f1528d6e207
Americana Product,Uncategorized,https://www.americanafoods.com/wp-content/uploads/2025/04/3040421777-Americana-Cupcake-Chocolate-Filled-1-Piece-28g-Wrapper-3D-1.png,Americana,b38c40b9fc3a
Americana Product,Uncategorized,https://www.americanafoods.com/wp-content/uploads/2024/06/New-Project-38-1-2.png,Americana,ee3f4d271b80
Americana Product,Uncategorized,https://www.americanafoods.com/wp-content/uploads/2024/06/New-Project-19-1-1.png,Americana,efb9a154b888
Americana Product,Frozen > Meat,https://www.americanafoods.com/wp-content/uploads/2024/06/4001972049-JUMBO-Royal-UnBreaded-Chicken-Burger-1000g-10pcs-New-Poly-Bag-PB-Design-3D.png,Americana,cac566b92db7
Americana Product,Frozen > Meat,https://www.americanafoods.com/wp-content/uploads/2024/06/4001310152-Royal-Beef-Burger-1000g-20pcs-New-Poly-Bag-PB-Design-X-3D.png,Americana,5c3e3549417c
Americana Product,Frozen > Meat,https://www.americanafoods.com/wp-content/uploads/2024/06/New-Project-79-1.png,Americana,44aec0c0375e
Americana Product,Uncategorized,https://www.americanafoods.com/wp-content/uploads/2024/08/3040421751-Americana-Cupcake-Vanilla-1-Piece-18x25g-Display-Box-3D-1.png,Americana,87f41cd9fc76
Americana Product,Uncategorized,https://www.americanafoods.com/wp-content/uploads/2024/06/3D_Outer_LargeCroissant_Chocolate.png,Americana,1391418a9f16
Americana Product,Uncategorized,https://www.americanafoods.com/wp-content/uploads/2024/06/New-Project-6-1-1.png,Americana,e6205e5706a1
Americana Product,Frozen > Meat,https://www.americanafoods.com/wp-content/uploads/2024/06/New-Project-8-1.png,Americana,cc66a7b4a570
Americana Product,Uncategorized,https://www.americanafoods.com/wp-content/uploads/2024/06/New-Project-7.png,Americana,146e96a6da4c
Americana Product,Frozen > Meat,https://www.americanafoods.com/wp-content/uploads/2024/06/6281050215444-Front-1.png,Americana,0fc221a70220
Americana Product,Uncategorized,https://www.americanafoods.com/wp-content/uploads/2024/06/New-Project-2024-06-06T155600.213-1.png,Americana,e58d0e080581
Americana Product,Uncategorized,https://www.americanafoods.com/wp-content/uploads/2024/06/Pomme-Frites.png,Americana,21f7a738ab73
Americana Product,Uncategorized,https://www.americanafoods.com/wp-content/uploads/2024/08/Cauliflower-make-bigger-3.png,Americana,00761e77d97f
Americana Product,Uncategorized,https://www.americanafoods.com/wp-content/uploads/2024/06/New-Project-10-2.png,Americana,b40056d1965b
Americana Product,Uncategorized,https://www.americanafoods.com/wp-content/uploads/2024/06/New-Project-30.png,Americana,cd70d12afc29
Americana Product,Dairy > Cheese,https://www.americanafoods.com/wp-content/uploads/2024/06/New-Project-2024-06-06T182634.666-1.png,Americana,b8ef86a18157
Americana Product,Frozen > Vegetables,https://www.americanafoods.com/wp-content/uploads/2024/08/32.png,Americana,482e8dda1860
Americana Product,Uncategorized,https://www.americanafoods.com/wp-content/uploads/2024/08/Single-rolls-Vanilla.png,Americana,001d9bc0129c
Americana Product,Uncategorized,https://www.americanafoods.com/wp-content/uploads/2024/08/Break-Rings-Sour-Cream-Onion.png,Americana,e8901f30e993
Americana Product,Uncategorized,https://www.americanafoods.com/wp-content/uploads/2024/06/CG-Grape-Leaves-908-en-new-1.png,Americana,5400cb528308
Americana Product,Uncategorized,https://www.americanafoods.com/wp-content/uploads/2024/06/AMC-Fava-Beans-Oil-Lemin-Cumin-EN-make-slightly-smaller-1.png,Americana,9efaf7ca366b
Americana Product,Frozen > Meat,https://www.americanafoods.com/wp-content/uploads/2024/06/New-Project-63-1.png,Americana,f52ad6fea46d
Americana Product,Frozen > Meat,https://www.americanafoods.com/wp-content/uploads/2024/06/Crunchy-Chicken-Legs-Meal-with-Fries-to-make-slightly-bigger.png,Americana,005a49acd107
Americana Product,Uncategorized,https://www.americanafoods.com/wp-content/uploads/2025/03/Rings-Sweet.png,Americana,1fc7675942b7
Americana Product,Uncategorized,https://www.americanafoods.com/wp-content/uploads/2024/06/4-1.png,Americana,096e00e0a57e
Americana Product,Uncategorized,https://www.americanafoods.com/wp-content/uploads/2024/08/Pound-Cake-Chocolate-Chips-e1724407623373.png,Americana,6896ea9a128b
Americana Product,Frozen > Meat,https://www.americanafoods.com/wp-content/uploads/2024/06/Xtreme-Chicken-Fillet-to-make-slightly-smaller-2.png,Americana,445101200536
Americana Product,Uncategorized,https://www.americanafoods.com/wp-content/uploads/2024/06/New-Project-8-1-1.png,Americana,ff8ba667be9c
Americana Product,Uncategorized,https://www.americanafoods.com/wp-content/uploads/2024/06/New-Project-37-1-2.png,Americana,614b16237b31
Americana Product,Uncategorized,https://www.americanafoods.com/wp-content/uploads/2024/06/New-Project-13-1-2.png,Americana,392d20bed616
Americana Product,Frozen > Meat,https://www.americanafoods.com/wp-content/uploads/2024/09/6281050114150-Front.png,Americana,46bf6546e398
Americana Product,Dairy > Cheese,https://www.americanafoods.com/wp-content/uploads/2024/06/Halloumi-Cheese_3DW.png,Americana,472671812171
Americana Product,Uncategorized,https://www.americanafoods.com/wp-content/uploads/2024/06/AMC-Plain-Fava-Beans-EN-make-slightly-smaller.png,Americana,b97adff3b06b
Americana Product,Uncategorized,https://www.americanafoods.com/wp-content/uploads/2024/06/Maestro-1.png,Americana,7b69ac9b5d0c
Americana Product,Uncategorized,https://www.americanafoods.com/wp-content/uploads/2024/06/1191-CG-450-Mashed-Plain.png,Americana,76de90bafe01
Americana Product,Frozen > Vegetables,https://www.americanafoods.com/wp-content/uploads/2024/06/1191-CG-420g-Chickpeas.png,Americana,abfd42f2a9f8
Americana Product,Frozen > Meat,https://www.americanafoods.com/wp-content/uploads/2024/06/58e3eaba-19e6-40d1-bdff-b390a9d169c2.png,Americana,e985f94f9789
Americana Product,Frozen > Meat,https://www.americanafoods.com/wp-content/uploads/2024/06/3.png,Americana,6f1976e3ca94
Americana Product,Uncategorized,https://www.americanafoods.com/wp-content/uploads/2024/08/Large-Chocolate.png,Americana,ab50f1fc3b24
Americana Product,Uncategorized,https://www.americanafoods.com/wp-content/uploads/2024/08/6-Pcs-Vanilla.png,Americana,c15266f96ecf
Americana Product,Uncategorized,https://www.americanafoods.com/wp-content/uploads/2024/08/Pound-Cake-Marble-e1724407210134.png,Americana,bbbac7e9e2e6
Americana Product,Frozen > Meat,https://www.americanafoods.com/wp-content/uploads/2024/06/New-Project-80-1.png,Americana,2b0cc61593e6
Americana Product,Frozen > Meat,https://www.americanafoods.com/wp-content/uploads/2024/06/4001972055-Royal-Hot-Chicken-Fillet-750g-New-Family-Bag-Design-3D.png,Americana,754a4516d034
Americana Product,Frozen > Meat,https://www.americanafoods.com/wp-content/uploads/2024/06/Jumbo-Beef-Burger-to-make-smaller-2.png,Americana,4ad1475b1b93
Americana Product,Uncategorized,https://www.americanafoods.com/wp-content/uploads/2024/08/Pound-Cake-Orange-e1724407340608.png,Americana,ce4f5844de5f
Americana Product,Uncategorized,https://www.americanafoods.com/wp-content/uploads/2024/06/New-Project-43-1-2.png,Americana,61e6a10eef2d
Americana Product,Uncategorized,https://www.americanafoods.com/wp-content/uploads/2024/08/Pound-Cake-Almond-Cardamom-e1724406917474.png,Americana,91a8b462bf47
Americana Product,Uncategorized,https://www.americanafoods.com/wp-content/uploads/2024/06/New-Project-16-1-2.png,Americana,dac7bfdf557a
Americana Product,Uncategorized,https://www.americanafoods.com/wp-content/uploads/2024/06/Bread-crumbs.png,Americana,92f26e3ed6bf
Americana Product,Frozen > Meat,https://www.americanafoods.com/wp-content/uploads/2024/09/Crunchy-Chicken-Pane-8pcs.png,Americana,0b89c2c7d4b3
Americana Product,Frozen > Meat,https://www.americanafoods.com/wp-content/uploads/2024/06/4001371538-Royal-Chicken-Strips-750g-New-Family-Bag-Design-X-3D.png,Americana,5437a8244c54
Americana Product,Dairy > Cheese,https://www.americanafoods.com/wp-content/uploads/2024/06/Large_Pie_Feta-make-smaller.png,Americana,517d1ef7dc2e
Americana Product,Frozen > Meat,https://www.americanafoods.com/wp-content/uploads/2024/06/6281050115034-Front.png,Americana,52f79dc0f1c3
Americana Product,Uncategorized,https://www.americanafoods.com/wp-content/uploads/2024/06/New-Project-33-1-2.png,Americana,e9c426ea6fc9
Americana Product,Frozen > Meat,https://www.americanafoods.com/wp-content/uploads/2024/08/37.png,Americana,313d4ff8ae03
Americana Product,Uncategorized,https://www.americanafoods.com/wp-content/uploads/2024/08/Molokhia-make-slighlty-bigger.png,Americana,1dff6acaf246
Americana Product,Uncategorized,https://www.americanafoods.com/wp-content/uploads/2024/08/AMC-2-pcs-Cupcake-vanilla-1.png,Americana,889fc76a66f8
Americana Product,Frozen > Meat,https://www.americanafoods.com/wp-content/uploads/2024/06/New-Project-30-1.png,Americana,34f9f9527a31
Americana Product,Dairy > Cheese,https://www.americanafoods.com/wp-content/uploads/2024/06/New-Project-77-1.png,Americana,d32855ae458e
Americana Product,Frozen > Meat,https://www.americanafoods.com/wp-content/uploads/2024/06/6281050114105-Front.png,Americana,059e571e8e5f
Americana Product,Uncategorized,https://www.americanafoods.com/wp-content/uploads/2024/08/Butter-Cookies-Big-Tin-Blue-2-1.png,Americana,fce16f77749a
Americana Product,Uncategorized,https://www.americanafoods.com/wp-content/uploads/2024/06/New-Project-2024-06-06T130312.212-1.png,Americana,ac9ed2db0981
Americana Product,Uncategorized,https://www.americanafoods.com/wp-content/uploads/2024/06/New-Project-2024-06-06T131651.226.png,Americana,1981d4089f79
Americana Product,Uncategorized,https://www.americanafoods.com/wp-content/uploads/2024/08/1715-CG-Tahini-Jar-Green-3D-front.png,Americana,b9746e29fe60
Americana Product,Uncategorized,https://www.americanafoods.com/wp-content/uploads/2024/06/CG-Pineapple-Slices-make-smaller.png,Americana,e46ff80c2ecc
Americana Product,Uncategorized,https://www.americanafoods.com/wp-content/uploads/2024/06/CG-Pineapple-Chunks-make-smaller-1.png,Americana,c96b85e2ef57
Americana Product,Uncategorized,https://www.americanafoods.com/wp-content/uploads/2024/08/MicrosoftTeams-image-29.png,Americana,3ad21e96f567
Americana Product,Frozen > Meat,https://www.americanafoods.com/wp-content/uploads/2024/06/Chicken-Popcorn-to-make-slightly-smaller-1.png,Americana,14aba9bc1b56
Americana Product,Uncategorized,https://www.americanafoods.com/wp-content/uploads/2024/06/New-Project-16-1.png,Americana,6e7716bd8829
Americana Product,Uncategorized,https://www.americanafoods.com/wp-content/uploads/2024/08/Signel-roll-wrapper-Chocolate-1.png,Americana,3456f37372b6
Americana Product,Uncategorized,https://www.americanafoods.com/wp-content/uploads/2024/08/MicrosoftTeams-image-27.png,Americana,6c26aad72bac
Americana Product,Frozen > Meat,https://www.americanafoods.com/wp-content/uploads/2024/06/AMC-Fancy-Tuna-Family-Pack160g-r4-3D-01-1.png,Americana,ba42a6d54f5d
Americana Product,Uncategorized,https://www.americanafoods.com/wp-content/uploads/2024/08/Pound-Cake-Vanilla-e1724407979853.png,Americana,33f59eca9f5b
Americana Product,Uncategorized,https://www.americanafoods.com/wp-content/uploads/2024/08/3040411343-Americana-Uncoated-Swiss-Roll-Vanilla-Filled-with-Strawberry-Cream-20g-Wrapper-3D-1.png,Americana,20850cdb2ef8
Americana Product,Frozen > Meat,https://www.americanafoods.com/wp-content/uploads/2024/06/Chicken-caesar-salad-make-smaller.png,Americana,8212228e5fbd
Americana Product,Frozen > Meat,https://www.americanafoods.com/wp-content/uploads/2024/06/Crunchy-Nuggets-20pcs.png,Americana,695403dc02bd
Americana Product,Frozen > Meat,https://www.americanafoods.com/wp-content/uploads/2024/06/New-Project-10-1.png,Americana,2075fb9f8b71
Americana Product,Frozen > Meat,https://www.americanafoods.com/wp-content/uploads/2024/06/New-Project-42-1.png,Americana,d90cfe281eac
Americana Product,Frozen > Meat,https://www.americanafoods.com/wp-content/uploads/2024/09/Chicken-Wings.png,Americana,25d76019ff8a
Americana Product,Dairy > Cheese,https://www.americanafoods.com/wp-content/uploads/2024/06/New-Project-2024-06-06T160226.210-1.png,Americana,0d0f31f045a1
Americana Product,Uncategorized,https://www.americanafoods.com/wp-content/uploads/2024/06/New-Project-18-1-1.png,Americana,de7c1d91a33f
Americana Product,Uncategorized,https://www.americanafoods.com/wp-content/uploads/2024/08/Pound-Cake-Chocolate-e1724407848443.png,Americana,351a704c532e
Americana Product,Frozen > Meat,https://www.americanafoods.com/wp-content/uploads/2024/06/30.png,Americana,d8adc4b0c6a8
Americana Product,Uncategorized,https://www.americanafoods.com/wp-content/uploads/2024/06/CG-Tuna-Mockups_Skipjack-Tuna-Water-SFO-35.png,Americana,667ad9ad10bd
Americana Product,Uncategorized,https://www.americanafoods.com/wp-content/uploads/2024/08/Single-Swiss-Roll-Vanilla.png,Americana,b1a794f08391
Americana Product,Uncategorized,https://www.americanafoods.com/wp-content/uploads/2024/06/New-Project-9-1.png,Americana,2767642a8996
Americana Product,Uncategorized,https://www.americanafoods.com/wp-content/uploads/2024/08/Molokhia-with-Taklia-make-slightly-bigger-2.png,Americana,84d6ec65684e
Americana Product,Frozen > Meat,https://www.americanafoods.com/wp-content/uploads/2024/06/9051ddfc-4d85-4e24-85ec-f146209faa10-1.png,Americana,6c51331f8e0b
Americana Product,Uncategorized,https://www.americanafoods.com/wp-content/uploads/2024/06/2-1.png,Americana,438a17700712
Americana Product,Frozen > Vegetables,https://www.americanafoods.com/wp-content/uploads/2024/06/AMC-Fava-Beans-Chickpeas-Olive-Oil-EN-make-slightly-smaller.png,Americana,ae6b531d763c
Americana Product,Uncategorized,https://www.americanafoods.com/wp-content/uploads/2024/06/New-Project-9-1-1.png,Americana,0d819dd0aa3d
Americana Product,Dairy > Cheese,https://www.americanafoods.com/wp-content/uploads/2024/06/Turkey-with-creamy-cheese-1.png,Americana,96fbef4f502a
Americana Product,Uncategorized,https://www.americanafoods.com/wp-content/uploads/2024/08/3040421152-Americana-Pound-Cake-Chocolate-1x220g-Display-Box-3D.png,Americana,3bfc8d536e2f
Americana Product,Uncategorized,https://www.americanafoods.com/wp-content/uploads/2024/06/New-Project-26-1-2.png,Americana,aaea15eadf42
Americana Product,Uncategorized,https://www.americanafoods.com/wp-content/uploads/2024/06/Pastry-Leaves.png,Americana,c148c3a6d096
Americana Product,Frozen > Meat,https://www.americanafoods.com/wp-content/uploads/2024/06/Chicken-Mayonnaise.png,Americana,db44abc54909
Americana Product,Frozen > Meat,https://www.americanafoods.com/wp-content/uploads/2024/06/1-2.png,Americana,d54229fa8c87
Americana Product,Frozen > Vegetables,https://www.americanafoods.com/wp-content/uploads/2024/06/New-Project-2024-06-05T160629.436-1.png,Americana,5a778e3871df
Americana Product,Uncategorized,https://www.americanafoods.com/wp-content/uploads/2024/06/FetaTomato_3DB-1.png,Americana,6f2ecddbe432
Americana Product,Uncategorized,https://www.americanafoods.com/wp-content/uploads/2024/06/New-Project-1.png,Americana,d731a7e1ad01
Americana Product,Frozen > Meat,https://www.americanafoods.com/wp-content/uploads/2024/06/Beef-Mortadella-with-Olives-Front.png,Americana,80b07a448d7d
Americana Product,Uncategorized,https://www.americanafoods.com/wp-content/uploads/2024/08/Butter-Cookies-12-packets.png,Americana,03d60eb6ecdd
Americana Product,Frozen > Meat,https://www.americanafoods.com/wp-content/uploads/2024/09/36.png,Americana,e60739b1bee3
Americana Product,Uncategorized,https://www.americanafoods.com/wp-content/uploads/2024/06/Sofresh-EggsDill_-Light-B3Dpsd.png,Americana,39ae520b57c2
Americana Product,Frozen > Meat,https://www.americanafoods.com/wp-content/uploads/2024/06/New-Project-22-1.png,Americana,1822a8d6242b
Americana Product,Uncategorized,https://www.americanafoods.com/wp-content/uploads/2024/08/3040430747-Americana-Chocolate-Coated-Chocolate-Cake-Bar-12x35g-Display-Box-3D.png,Americana,c7cf0cc001ea
Americana Product,Frozen > Meat,https://www.americanafoods.com/wp-content/uploads/2024/06/Chicken-Nuggets-to-make-slightly-smaller.png,Americana,e37990868714
Americana Product,Uncategorized,https://www.americanafoods.com/wp-content/uploads/2024/06/Sofresh-Tuna_-Light-B3Dpsd.png,Americana,5b773565b57f
Americana Product,Frozen > Meat,https://www.americanafoods.com/wp-content/uploads/2024/06/New-Project-46-1.png,Americana,8f3153832b49
Americana Product,Uncategorized,https://www.americanafoods.com/wp-content/uploads/2024/06/New-Project-27-1-2.png,Americana,57411e06f5a5
Americana Product,Frozen > Meat,https://www.americanafoods.com/wp-content/uploads/2024/06/Beef-Sausage-Original-Front.png,Americana,bc74b7997fd8
Americana Product,Uncategorized,https://www.americanafoods.com/wp-content/uploads/2024/06/Thin-Fries.png,Americana,8da7c8765fed
Americana Product,Uncategorized,https://www.americanafoods.com/wp-content/uploads/2024/08/Hazelnut-Coated-Swiss-Roll-Packet-1.png,Americana,1a222aea8be1
Americana Product,Dairy > Cheese,https://www.americanafoods.com/wp-content/uploads/2024/06/CheeseOnion3D.png,Americana,566739a333cb
Americana Product,Uncategorized,https://www.americanafoods.com/wp-content/uploads/2024/06/Four-season-salad-make-smaller.png,Americana,826a9f476673
Americana Product,Uncategorized,https://www.americanafoods.com/wp-content/uploads/2024/06/6281050523518-Front.png,Americana,9c6414ebf8a2
Americana Product,Uncategorized,https://www.americanafoods.com/wp-content/uploads/2024/06/New-Project-35-1-4.png,Americana,6f5c3c98447c
Americana Product,Uncategorized,https://www.americanafoods.com/wp-content/uploads/2024/06/New-Project-2-1.png,Americana,40c9c935b19c
Americana Product,Frozen > Meat,https://www.americanafoods.com/wp-content/uploads/2024/06/370150-Americana-Jumbo-Unbreaded-Chicken-Burger-1000g-10pcs-New-Poly-Bag-PB-Design-FF_R1-3D-1.png,Americana,850fb77be58d
Americana Product,Uncategorized,https://www.americanafoods.com/wp-content/uploads/2024/06/New-Project-28-1-2.png,Americana,eb5361d23d49
Americana Product,Uncategorized,https://www.americanafoods.com/wp-content/uploads/2024/06/Large_Croissant_Strawberry.png,Americana,31f8a5c3fe44
Americana Product,Uncategorized,https://www.americanafoods.com/wp-content/uploads/2024/06/6281050215499-Front.png,Americana,8c2f89eff857
Americana Product,Uncategorized,https://www.americanafoods.com/wp-content/uploads/2024/06/New-Project-17-1.png,Americana,bed0ae787702
Americana Product,Uncategorized,https://www.americanafoods.com/wp-content/uploads/2024/06/CG-Tuna-Mockups_Fancy-Tuna-Water-11.png,Americana,253d9abcbe43
Americana Product,Frozen > Meat,https://www.americanafoods.com/wp-content/uploads/2024/06/New-Project-40-1.png,Americana,eb7b494ad653
Americana Product,Frozen > Meat,https://www.americanafoods.com/wp-content/uploads/2024/09/43.png,Americana,c90540058a07
Americana Product,Frozen > Vegetables,https://www.americanafoods.com/wp-content/uploads/2024/06/New-Project-2024-06-05T134834.741-1.png,Americana,2912e503d86a
Americana Product,Uncategorized,https://www.americanafoods.com/wp-content/uploads/2024/08/Americana-Soft-Cookies-with-Hersheys-Chocolate-40g-Wrapper-3D-1.png,Americana,16dc957b6c43
Americana Product,Uncategorized,https://www.americanafoods.com/wp-content/uploads/2024/06/New-Project-34-1-2.png,Americana,6d34c9a7e669
Americana Product,Frozen > Vegetables,https://www.americanafoods.com/wp-content/uploads/2024/06/New-Project-2024-06-05T140636.858.png,Americana,0f68d8f19f80
Americana Product,Uncategorized,https://www.americanafoods.com/wp-content/uploads/2024/06/Fatoush.png,Americana,ea87ee8a45eb
Americana Product,Frozen > Meat,https://www.americanafoods.com/wp-content/uploads/2024/06/4001972097-Americana-ZaikaZing-Asian-Range-Chicken-Nuggets-700g-Bag-Design-3D-1.png,Americana,7488b1e9d962
Americana Product,Frozen > Vegetables,https://www.americanafoods.com/wp-content/uploads/2024/06/New-Project-2024-06-05T134017.583-1.png,Americana,a9447fe8fbb4
Americana Product,Frozen > Vegetables,https://www.americanafoods.com/wp-content/uploads/2024/06/New-Project-2024-06-05T141150.080-1.png,Americana,f95bdd02d988
Americana Product,Dairy > Cheese,https://www.americanafoods.com/wp-content/uploads/2024/06/Sofresh_Cheeese-onion_Mayonnaise_3D_Hot-B.png,Americana,fa16831023f4
Americana Product,Frozen > Meat,https://www.americanafoods.com/wp-content/uploads/2024/06/4001370861-Royal-Tender-Chicken-Breast-1000g-New-Reel-Bag-Design-Pouch-3D.png,Americana,3aab78f8de8e
Americana Product,Uncategorized,https://www.americanafoods.com/wp-content/uploads/2024/09/6281050113146-Front.png,Americana,7d91868f518b
Americana Product,Uncategorized,https://www.americanafoods.com/wp-content/uploads/2024/06/New-Project-58-1.png,Americana,3bc6eb66b4f9
Americana Product,Uncategorized,https://www.americanafoods.com/wp-content/uploads/2024/06/Beef-Pepperoni-Original-2-1.png,Americana,55b690bed086
Americana Product,Uncategorized,https://www.americanafoods.com/wp-content/uploads/2024/06/Fresh-strawberry.png,Americana,89a2f8e0eb38
Americana Product,Frozen > Meat,https://www.americanafoods.com/wp-content/uploads/2024/06/Chicken_Mayonnaise_3D_Hot-B.png,Americana,ac699b21aa90
Americana Product,Uncategorized,https://www.americanafoods.com/wp-content/uploads/2024/08/Broccoli-make-slightly-bigger.png,Americana,a4db494ff3a5
Americana Product,Uncategorized,https://www.americanafoods.com/wp-content/uploads/2024/06/310601-Americana-Jumbo-Beef-Burger-1000g-10pcs-New-Poly-Bag-PB-Design-F_R1-3D-1.png,Americana,418b9cada158
Americana Product,Frozen > Meat,https://www.americanafoods.com/wp-content/uploads/2024/06/New-Project-81-1.png,Americana,18f1d9d8a285
Americana Product,Dairy > Cheese,https://www.americanafoods.com/wp-content/uploads/2024/06/Large_Pie_FetaOlives-make-smaller.png,Americana,62a44cc37dd4
Americana Product,Frozen > Meat,https://www.americanafoods.com/wp-content/uploads/2024/09/34.png,Americana,5e8417bcd6e9
Americana Product,Uncategorized,https://www.americanafoods.com/wp-content/uploads/2024/08/3040411343-Americana-Uncoated-Swiss-Roll-Vanilla-Filled-with-Strawberry-Cream-12x20g-Display-Box-3D.png,Americana,940da37b2846
Americana Product,Uncategorized,https://www.americanafoods.com/wp-content/uploads/2024/06/New-Project-2024-06-06T180342.243-1.png,Americana,ea62a618449f
Americana Product,Frozen > Meat,https://www.americanafoods.com/wp-content/uploads/2024/06/Chicken-Strips-to-make-slightly-smaller-1.png,Americana,ed3be2d44458
Americana Product,Uncategorized,https://www.americanafoods.com/wp-content/uploads/2024/08/Corn-on-the-cob-make-slightly-bigger-2.png,Americana,cdc84258a9bc
Americana Product,Uncategorized,https://www.americanafoods.com/wp-content/uploads/2024/06/6281050215482-Front.png,Americana,6251a5f0b2c9
Americana Product,Uncategorized,https://www.americanafoods.com/wp-content/uploads/2024/06/New-Project-45-1-1.png,Americana,d07823ed7062
Americana Product,Frozen > Meat,https://www.americanafoods.com/wp-content/uploads/2024/09/Beef-Burger.png,Americana,5fe732221c27
Americana Product,Frozen > Meat,https://www.americanafoods.com/wp-content/uploads/2024/06/1-1.png,Americana,8e22b939c857
Americana Product,Uncategorized,https://www.americanafoods.com/wp-content/uploads/2024/06/New-Project-32-1-2.png,Americana,387e8a18010b
Americana Product,Frozen > Vegetables,https://www.americanafoods.com/wp-content/uploads/2024/06/New-Project-2024-06-05T125410.527-1.png,Americana,2e122d3e30b3
Americana Product,Frozen > Meat,https://www.americanafoods.com/wp-content/uploads/2024/06/4001310623-JUMBO-Royal-Beef-Burger-1000g-10pcs-New-Poly-Bag-PB-Design-3D.png,Americana,33d0bdb04361
Americana Product,Uncategorized,https://www.americanafoods.com/wp-content/uploads/2024/06/3-1.png,Americana,cf9bfbe2226f
Americana Product,Frozen > Meat,https://www.americanafoods.com/wp-content/uploads/2024/06/New-Project-4-1.png,Americana,cb7fa7fc09df
Americana Product,Frozen > Meat,https://www.americanafoods.com/wp-content/uploads/2024/06/Zingz-Crunchy-Burger-Chicken-Fillet-to-make-slightly-smaller-2.png,Americana,9c036673a1b0
Americana Product,Frozen > Meat,https://www.americanafoods.com/wp-content/uploads/2024/06/Crunchy-chicken-breast-with-fries-to-make-slightly-biger.png,Americana,6fbcf1fb2172
Americana Product,Uncategorized,https://www.americanafoods.com/wp-content/uploads/2024/06/New-Project-56-1.png,Americana,8b8b42a572e7
Americana Product,Frozen > Meat,https://www.americanafoods.com/wp-content/uploads/2024/06/New-Project-3-1.png,Americana,7c400e11d1c8
Americana Product,Uncategorized,https://www.americanafoods.com/wp-content/uploads/2024/08/Fresh-Pound-Cake-Double-Chocolate-Chips-2.png,Americana,56b32ec99085
Americana Product,Dairy > Cheese,https://www.americanafoods.com/wp-content/uploads/2024/06/Bunzz-Feta-Cheese.png,Americana,acd46e505ee9
Americana Product,Uncategorized,https://www.americanafoods.com/wp-content/uploads/2024/06/1191-CG-400g-White-Beans-make-smaller.png,Americana,ae2ef5b07f6c
Americana Product,Uncategorized,https://www.americanafoods.com/wp-content/uploads/2024/08/Chocolate-Coated-Swill-Roll-12-pcs.png,Americana,a98ad66b26f1
Americana Product,Frozen > Meat,https://www.americanafoods.com/wp-content/uploads/2024/06/Sofresh-Chicken_Avocado.png,Americana,5c5a496ce97d
Americana Product,Uncategorized,https://www.americanafoods.com/wp-content/uploads/2024/06/Pasta-Salad-2-1.png,Americana,b72b09ccf5ef
Americana Product,Uncategorized,https://www.americanafoods.com/wp-content/uploads/2024/06/New-Project-21-1-2.png,Americana,23047dcb69b9
Americana Product,Uncategorized,https://www.americanafoods.com/wp-content/uploads/2024/06/CG-Tuna-Slices-Water-make-smaller.png,Americana,5b52d3c98c3a
Americana Product,Frozen > Meat,https://www.americanafoods.com/wp-content/uploads/2024/06/Zingz-Chicken-Strips-to-make-slightly-smaller.png,Americana,8bd1d7ca7555
Americana Product,Frozen > Meat,https://www.americanafoods.com/wp-content/uploads/2024/06/Pure-Beef-Mortadella.png,Americana,14c90146dac1
Americana Product,Frozen > Meat,https://www.americanafoods.com/wp-content/uploads/2024/06/Chilli-Beef-Sausage-Hot-Spicy-Front.png,Americana,d98ef90441c3
Americana Product,Uncategorized,https://www.americanafoods.com/wp-content/uploads/2024/04/Americana-Bakery-Logo-Eng.png,Americana,d2b362948850
Americana Product,Uncategorized,https://www.americanafoods.com/wp-content/uploads/2024/06/Lion-Logo.png,Americana,1b79dd2990a9
Americana Product,Uncategorized,https://www.americanafoods.com/wp-content/uploads/2024/04/Americana-Bakery-Logo-Eng-e1485414666201-1.png,Americana,724b1a3d0df4
Americana Product,Uncategorized,https://www.americanafoods.com/wp-content/uploads/2024/04/Americana-Bakery-Logo-Eng-e1485414666201-3.png,Americana,6b505b77acf6
Americana Product,Uncategorized,https://www.americanafoods.com/wp-content/uploads/2024/04/Americana-Gourmet-Logo-Eng-1024x410-1.png,Americana,723169c1437f
Americana Product,Uncategorized,https://www.americanafoods.com/wp-content/uploads/2024/04/Americana-Bakery-Logo-Eng-e1485414666201-4.png,Americana,575b2f353fc6
Americana Product,Uncategorized,https://www.americanafoods.com/wp-content/uploads/2024/07/Star-Frites-logo.png,Americana,014da1ad7027
Americana Product,Uncategorized,https://www.americanafoods.com/wp-content/uploads/2024/05/Arrow-4.png,Americana,e7eae3b7c46b
Americana Product,Uncategorized,https://www.americanafoods.com/wp-content/uploads/2024/06/Vector-1.png,Americana,04de86a74977
Americana Product,Uncategorized,https://www.americanafoods.com/wp-content/uploads/2024/08/High_Res-MAA-removebg-e1724400361664.png,Americana,c251a96ee5d9
Americana Product,Uncategorized,https://www.americanafoods.com/wp-content/uploads/2024/09/High_Res-MAA-removebg-e1724400361664-1320x1356-1.png,Americana,7d9c01a4de6e
Americana Product,Uncategorized,https://www.americanafoods.com/wp-content/uploads/2024/08/Vijay_Krishnan_1-removebg.png,Americana,7713ce3b87ce
Americana Product,Uncategorized,https://www.americanafoods.com/wp-content/uploads/2024/05/footertop.png,Americana,763f74b39ce4
Americana Product,Uncategorized,https://www.americanafoods.com/wp-content/uploads/2025/06/Acerta-FSSC-22000.png,Americana,4a9558516ad4
